[2026-08-06 05:27:15] lb_build 
[2026-08-06 05:27:15] lb_bootstrap 
P: Setting up cleanup function
[2026-08-06 05:27:15] lb_bootstrap_cache restore
P: Restoring bootstrap stage from cache...
[2026-08-06 05:27:15] lb_bootstrap_copy 
[2026-08-06 05:27:15] lb_bootstrap_cdebootstrap 
[2026-08-06 05:27:15] lb_bootstrap_debootstrap 
P: Begin bootstrapping system...
[2026-08-06 05:27:15] lb_testroot 
P: If the following stage fails, the most likely cause of the problem is with your mirror configuration or a caching proxy.
P: Running debootstrap (download-only)... 
W: Cannot check Release signature; keyring file not available /usr/share/keyrings/debian-archive-keyring.gpg
I: Retrieving InRelease 
I: Retrieving Packages 
I: Validating Packages 
I: Retrieving Packages 
I: Validating Packages 
I: Retrieving Packages 
I: Validating Packages 
I: Retrieving Packages 
I: Validating Packages 
I: Resolving dependencies of required packages...
I: Resolving dependencies of base packages...
I: Checking component main on http://deb.debian.org/debian...
I: Retrieving adduser 3.134
I: Validating adduser 3.134
I: Retrieving apt 2.6.1
I: Validating apt 2.6.1
I: Retrieving apt-utils 2.6.1
I: Validating apt-utils 2.6.1
I: Retrieving base-files 12.4+deb12u15
I: Validating base-files 12.4+deb12u15
I: Retrieving base-passwd 3.6.1
I: Validating base-passwd 3.6.1
I: Retrieving bash 5.2.15-2+b13
I: Validating bash 5.2.15-2+b13
I: Retrieving bsdutils 1:2.38.1-5+deb12u3
I: Validating bsdutils 1:2.38.1-5+deb12u3
I: Retrieving coreutils 9.1-1
I: Validating coreutils 9.1-1
I: Retrieving cpio 2.13+dfsg-7.1
I: Validating cpio 2.13+dfsg-7.1
I: Retrieving cron 3.0pl1-162
I: Validating cron 3.0pl1-162
I: Retrieving cron-daemon-common 3.0pl1-162
I: Validating cron-daemon-common 3.0pl1-162
I: Retrieving dash 0.5.12-2
I: Validating dash 0.5.12-2
I: Retrieving debconf 1.5.82
I: Validating debconf 1.5.82
I: Retrieving debconf-i18n 1.5.82
I: Validating debconf-i18n 1.5.82
I: Retrieving debian-archive-keyring 2023.3+deb12u2
I: Validating debian-archive-keyring 2023.3+deb12u2
I: Retrieving debianutils 5.7-0.5~deb12u1
I: Validating debianutils 5.7-0.5~deb12u1
I: Retrieving diffutils 1:3.8-4
I: Validating diffutils 1:3.8-4
I: Retrieving dmidecode 3.4-1
I: Validating dmidecode 3.4-1
I: Retrieving dmsetup 2:1.02.185-2
I: Validating dmsetup 2:1.02.185-2
I: Retrieving dpkg 1.21.23
I: Validating dpkg 1.21.23
I: Retrieving e2fsprogs 1.47.0-2+b2
I: Validating e2fsprogs 1.47.0-2+b2
I: Retrieving fdisk 2.38.1-5+deb12u3
I: Validating fdisk 2.38.1-5+deb12u3
I: Retrieving findutils 4.9.0-4
I: Validating findutils 4.9.0-4
I: Retrieving gcc-12-base 12.2.0-14+deb12u1
I: Validating gcc-12-base 12.2.0-14+deb12u1
I: Retrieving gpgv 2.2.40-1.1+deb12u2
I: Validating gpgv 2.2.40-1.1+deb12u2
I: Retrieving grep 3.8-5
I: Validating grep 3.8-5
I: Retrieving gzip 1.12-1
I: Validating gzip 1.12-1
I: Retrieving hostname 3.23+nmu1
I: Validating hostname 3.23+nmu1
I: Retrieving ifupdown 0.8.41
I: Validating ifupdown 0.8.41
I: Retrieving init 1.65.2+deb12u1
I: Validating init 1.65.2+deb12u1
I: Retrieving init-system-helpers 1.65.2+deb12u1
I: Validating init-system-helpers 1.65.2+deb12u1
I: Retrieving iproute2 6.1.0-3
I: Validating iproute2 6.1.0-3
I: Retrieving iputils-ping 3:20221126-1+deb12u1
I: Validating iputils-ping 3:20221126-1+deb12u1
I: Retrieving isc-dhcp-client 4.4.3-P1-2
I: Validating isc-dhcp-client 4.4.3-P1-2
I: Retrieving isc-dhcp-common 4.4.3-P1-2
I: Validating isc-dhcp-common 4.4.3-P1-2
I: Retrieving kmod 30+20221128-1
I: Validating kmod 30+20221128-1
I: Retrieving less 590-2.1~deb12u2
I: Validating less 590-2.1~deb12u2
I: Retrieving libacl1 2.3.1-3
I: Validating libacl1 2.3.1-3
I: Retrieving libapparmor1 3.0.8-3
I: Validating libapparmor1 3.0.8-3
I: Retrieving libapt-pkg6.0 2.6.1
I: Validating libapt-pkg6.0 2.6.1
I: Retrieving libargon2-1 0~20171227-0.3+deb12u1
I: Validating libargon2-1 0~20171227-0.3+deb12u1
I: Retrieving libattr1 1:2.5.1-4
I: Validating libattr1 1:2.5.1-4
I: Retrieving libaudit-common 1:3.0.9-1
I: Validating libaudit-common 1:3.0.9-1
I: Retrieving libaudit1 1:3.0.9-1
I: Validating libaudit1 1:3.0.9-1
I: Retrieving libblkid1 2.38.1-5+deb12u3
I: Validating libblkid1 2.38.1-5+deb12u3
I: Retrieving libbpf1 1:1.1.2-0+deb12u1
I: Validating libbpf1 1:1.1.2-0+deb12u1
I: Retrieving libbsd0 0.11.7-2
I: Validating libbsd0 0.11.7-2
I: Retrieving libbz2-1.0 1.0.8-5+b1
I: Validating libbz2-1.0 1.0.8-5+b1
I: Retrieving libc-bin 2.36-9+deb12u14
I: Validating libc-bin 2.36-9+deb12u14
I: Retrieving libc6 2.36-9+deb12u14
I: Validating libc6 2.36-9+deb12u14
I: Retrieving libcap-ng0 0.8.3-1+b3
I: Validating libcap-ng0 0.8.3-1+b3
I: Retrieving libcap2 1:2.66-4+deb12u3+b1
I: Validating libcap2 1:2.66-4+deb12u3+b1
I: Retrieving libcap2-bin 1:2.66-4+deb12u3+b1
I: Validating libcap2-bin 1:2.66-4+deb12u3+b1
I: Retrieving libcom-err2 1.47.0-2+b2
I: Validating libcom-err2 1.47.0-2+b2
I: Retrieving libcrypt1 1:4.4.33-2
I: Validating libcrypt1 1:4.4.33-2
I: Retrieving libcryptsetup12 2:2.6.1-4~deb12u2
I: Validating libcryptsetup12 2:2.6.1-4~deb12u2
I: Retrieving libdb5.3 5.3.28+dfsg2-1
I: Validating libdb5.3 5.3.28+dfsg2-1
I: Retrieving libdebconfclient0 0.270
I: Validating libdebconfclient0 0.270
I: Retrieving libdevmapper1.02.1 2:1.02.185-2
I: Validating libdevmapper1.02.1 2:1.02.185-2
I: Retrieving libedit2 3.1-20221030-2
I: Validating libedit2 3.1-20221030-2
I: Retrieving libelf1 0.188-2.1
I: Validating libelf1 0.188-2.1
I: Retrieving libext2fs2 1.47.0-2+b2
I: Validating libext2fs2 1.47.0-2+b2
I: Retrieving libfdisk1 2.38.1-5+deb12u3
I: Validating libfdisk1 2.38.1-5+deb12u3
I: Retrieving libffi8 3.4.4-1
I: Validating libffi8 3.4.4-1
I: Retrieving libgcc-s1 12.2.0-14+deb12u1
I: Validating libgcc-s1 12.2.0-14+deb12u1
I: Retrieving libgcrypt20 1.10.1-3+deb12u1
I: Validating libgcrypt20 1.10.1-3+deb12u1
I: Retrieving libgmp10 2:6.2.1+dfsg1-1.1
I: Validating libgmp10 2:6.2.1+dfsg1-1.1
I: Retrieving libgnutls30 3.7.9-2+deb12u7
I: Validating libgnutls30 3.7.9-2+deb12u7
I: Retrieving libgpg-error0 1.46-1
I: Validating libgpg-error0 1.46-1
I: Retrieving libgssapi-krb5-2 1.20.1-2+deb12u5
I: Validating libgssapi-krb5-2 1.20.1-2+deb12u5
I: Retrieving libhogweed6 3.8.1-2
I: Validating libhogweed6 3.8.1-2
I: Retrieving libidn2-0 2.3.3-1+b1
I: Validating libidn2-0 2.3.3-1+b1
I: Retrieving libip4tc2 1.8.9-2
I: Validating libip4tc2 1.8.9-2
I: Retrieving libjansson4 2.14-2
I: Validating libjansson4 2.14-2
I: Retrieving libjson-c5 0.16-2
I: Validating libjson-c5 0.16-2
I: Retrieving libk5crypto3 1.20.1-2+deb12u5
I: Validating libk5crypto3 1.20.1-2+deb12u5
I: Retrieving libkeyutils1 1.6.3-2
I: Validating libkeyutils1 1.6.3-2
I: Retrieving libkmod2 30+20221128-1
I: Validating libkmod2 30+20221128-1
I: Retrieving libkrb5-3 1.20.1-2+deb12u5
I: Validating libkrb5-3 1.20.1-2+deb12u5
I: Retrieving libkrb5support0 1.20.1-2+deb12u5
I: Validating libkrb5support0 1.20.1-2+deb12u5
I: Retrieving liblocale-gettext-perl 1.07-5
I: Validating liblocale-gettext-perl 1.07-5
I: Retrieving liblz4-1 1.9.4-1
I: Validating liblz4-1 1.9.4-1
I: Retrieving liblzma5 5.4.1-1+deb12u1
I: Validating liblzma5 5.4.1-1+deb12u1
I: Retrieving libmd0 1.0.4-2
I: Validating libmd0 1.0.4-2
I: Retrieving libmnl0 1.0.4-3
I: Validating libmnl0 1.0.4-3
I: Retrieving libmount1 2.38.1-5+deb12u3
I: Validating libmount1 2.38.1-5+deb12u3
I: Retrieving libncursesw6 6.4-4
I: Validating libncursesw6 6.4-4
I: Retrieving libnettle8 3.8.1-2
I: Validating libnettle8 3.8.1-2
I: Retrieving libnewt0.52 0.52.23-1+b1
I: Validating libnewt0.52 0.52.23-1+b1
I: Retrieving libnftables1 1.0.6-2+deb12u2
I: Validating libnftables1 1.0.6-2+deb12u2
I: Retrieving libnftnl11 1.2.4-2
I: Validating libnftnl11 1.2.4-2
I: Retrieving libp11-kit0 0.24.1-2
I: Validating libp11-kit0 0.24.1-2
I: Retrieving libpam-modules 1.5.2-6+deb12u2
I: Validating libpam-modules 1.5.2-6+deb12u2
I: Retrieving libpam-modules-bin 1.5.2-6+deb12u2
I: Validating libpam-modules-bin 1.5.2-6+deb12u2
I: Retrieving libpam-runtime 1.5.2-6+deb12u2
I: Validating libpam-runtime 1.5.2-6+deb12u2
I: Retrieving libpam0g 1.5.2-6+deb12u2
I: Validating libpam0g 1.5.2-6+deb12u2
I: Retrieving libpcre2-8-0 10.42-1
I: Validating libpcre2-8-0 10.42-1
I: Retrieving libpopt0 1.19+dfsg-1
I: Validating libpopt0 1.19+dfsg-1
I: Retrieving libproc2-0 2:4.0.2-3
I: Validating libproc2-0 2:4.0.2-3
I: Retrieving libreadline8 8.2-1.3
I: Validating libreadline8 8.2-1.3
I: Retrieving libseccomp2 2.5.4-1+deb12u1
I: Validating libseccomp2 2.5.4-1+deb12u1
I: Retrieving libselinux1 3.4-1+b6
I: Validating libselinux1 3.4-1+b6
I: Retrieving libsemanage-common 3.4-1
I: Validating libsemanage-common 3.4-1
I: Retrieving libsemanage2 3.4-1+b5
I: Validating libsemanage2 3.4-1+b5
I: Retrieving libsepol2 3.4-2.1
I: Validating libsepol2 3.4-2.1
I: Retrieving libslang2 2.3.3-3
I: Validating libslang2 2.3.3-3
I: Retrieving libsmartcols1 2.38.1-5+deb12u3
I: Validating libsmartcols1 2.38.1-5+deb12u3
I: Retrieving libss2 1.47.0-2+b2
I: Validating libss2 1.47.0-2+b2
I: Retrieving libssl3 3.0.20-1~deb12u2
I: Validating libssl3 3.0.20-1~deb12u2
I: Retrieving libstdc++6 12.2.0-14+deb12u1
I: Validating libstdc++6 12.2.0-14+deb12u1
I: Retrieving libsystemd-shared 252.39-1~deb12u2
I: Validating libsystemd-shared 252.39-1~deb12u2
I: Retrieving libsystemd0 252.39-1~deb12u2
I: Validating libsystemd0 252.39-1~deb12u2
I: Retrieving libtasn1-6 4.19.0-2+deb12u1
I: Validating libtasn1-6 4.19.0-2+deb12u1
I: Retrieving libtext-charwidth-perl 0.04-11
I: Validating libtext-charwidth-perl 0.04-11
I: Retrieving libtext-iconv-perl 1.7-8
I: Validating libtext-iconv-perl 1.7-8
I: Retrieving libtext-wrapi18n-perl 0.06-10
I: Validating libtext-wrapi18n-perl 0.06-10
I: Retrieving libtinfo6 6.4-4
I: Validating libtinfo6 6.4-4
I: Retrieving libtirpc-common 1.3.3+ds-1
I: Validating libtirpc-common 1.3.3+ds-1
I: Retrieving libtirpc3 1.3.3+ds-1
I: Validating libtirpc3 1.3.3+ds-1
I: Retrieving libudev1 252.39-1~deb12u2
I: Validating libudev1 252.39-1~deb12u2
I: Retrieving libunistring2 1.0-2
I: Validating libunistring2 1.0-2
I: Retrieving libuuid1 2.38.1-5+deb12u3
I: Validating libuuid1 2.38.1-5+deb12u3
I: Retrieving libxtables12 1.8.9-2
I: Validating libxtables12 1.8.9-2
I: Retrieving libxxhash0 0.8.1-1
I: Validating libxxhash0 0.8.1-1
I: Retrieving libzstd1 1.5.4+dfsg2-5
I: Validating libzstd1 1.5.4+dfsg2-5
I: Retrieving login 1:4.13+dfsg1-1+deb12u2
I: Validating login 1:4.13+dfsg1-1+deb12u2
I: Retrieving logrotate 3.21.0-1
I: Validating logrotate 3.21.0-1
I: Retrieving logsave 1.47.0-2+b2
I: Validating logsave 1.47.0-2+b2
I: Retrieving mawk 1.3.4.20200120-3.1
I: Validating mawk 1.3.4.20200120-3.1
I: Retrieving mount 2.38.1-5+deb12u3
I: Validating mount 2.38.1-5+deb12u3
I: Retrieving nano 7.2-1+deb12u1
I: Validating nano 7.2-1+deb12u1
I: Retrieving ncurses-base 6.4-4
I: Validating ncurses-base 6.4-4
I: Retrieving ncurses-bin 6.4-4
I: Validating ncurses-bin 6.4-4
I: Retrieving netbase 6.4
I: Validating netbase 6.4
I: Retrieving nftables 1.0.6-2+deb12u2
I: Validating nftables 1.0.6-2+deb12u2
I: Retrieving passwd 1:4.13+dfsg1-1+deb12u2
I: Validating passwd 1:4.13+dfsg1-1+deb12u2
I: Retrieving perl-base 5.36.0-7+deb12u3
I: Validating perl-base 5.36.0-7+deb12u3
I: Retrieving procps 2:4.0.2-3
I: Validating procps 2:4.0.2-3
I: Retrieving readline-common 8.2-1.3
I: Validating readline-common 8.2-1.3
I: Retrieving sed 4.9-1+deb12u1
I: Validating sed 4.9-1+deb12u1
I: Retrieving sensible-utils 0.0.17+nmu1
I: Validating sensible-utils 0.0.17+nmu1
I: Retrieving systemd 252.39-1~deb12u2
I: Validating systemd 252.39-1~deb12u2
I: Retrieving systemd-sysv 252.39-1~deb12u2
I: Validating systemd-sysv 252.39-1~deb12u2
I: Retrieving sysvinit-utils 3.06-4
I: Validating sysvinit-utils 3.06-4
I: Retrieving tar 1.34+dfsg-1.2+deb12u1
I: Validating tar 1.34+dfsg-1.2+deb12u1
I: Retrieving tasksel 3.73
I: Validating tasksel 3.73
I: Retrieving tasksel-data 3.73
I: Validating tasksel-data 3.73
I: Retrieving tzdata 2026b-0+deb12u1
I: Validating tzdata 2026b-0+deb12u1
I: Retrieving udev 252.39-1~deb12u2
I: Validating udev 252.39-1~deb12u2
I: Retrieving usr-is-merged 37~deb12u1
I: Validating usr-is-merged 37~deb12u1
I: Retrieving util-linux 2.38.1-5+deb12u3
I: Validating util-linux 2.38.1-5+deb12u3
I: Retrieving util-linux-extra 2.38.1-5+deb12u3
I: Validating util-linux-extra 2.38.1-5+deb12u3
I: Retrieving vim-common 2:9.0.1378-2+deb12u2
I: Validating vim-common 2:9.0.1378-2+deb12u2
I: Retrieving vim-tiny 2:9.0.1378-2+deb12u2
I: Validating vim-tiny 2:9.0.1378-2+deb12u2
I: Retrieving whiptail 0.52.23-1+b1
I: Validating whiptail 0.52.23-1+b1
I: Retrieving zlib1g 1:1.2.13.dfsg-1
I: Validating zlib1g 1:1.2.13.dfsg-1
P: If the following stage fails, the most likely cause of the problem is with your mirror configuration or a caching proxy.
P: Running debootstrap... 
W: Cannot check Release signature; keyring file not available /usr/share/keyrings/debian-archive-keyring.gpg
I: Validating Packages 
I: Validating Packages 
I: Validating Packages 
I: Validating Packages 
I: Resolving dependencies of required packages...
I: Resolving dependencies of base packages...
I: Checking component main on http://deb.debian.org/debian...
I: Validating adduser 3.134
I: Validating apt 2.6.1
I: Validating apt-utils 2.6.1
I: Validating base-files 12.4+deb12u15
I: Validating base-passwd 3.6.1
I: Validating bash 5.2.15-2+b13
I: Validating bsdutils 1:2.38.1-5+deb12u3
I: Validating coreutils 9.1-1
I: Validating cpio 2.13+dfsg-7.1
I: Validating cron 3.0pl1-162
I: Validating cron-daemon-common 3.0pl1-162
I: Validating dash 0.5.12-2
I: Validating debconf 1.5.82
I: Validating debconf-i18n 1.5.82
I: Validating debian-archive-keyring 2023.3+deb12u2
I: Validating debianutils 5.7-0.5~deb12u1
I: Validating diffutils 1:3.8-4
I: Validating dmidecode 3.4-1
I: Validating dmsetup 2:1.02.185-2
I: Validating dpkg 1.21.23
I: Validating e2fsprogs 1.47.0-2+b2
I: Validating fdisk 2.38.1-5+deb12u3
I: Validating findutils 4.9.0-4
I: Validating gcc-12-base 12.2.0-14+deb12u1
I: Validating gpgv 2.2.40-1.1+deb12u2
I: Validating grep 3.8-5
I: Validating gzip 1.12-1
I: Validating hostname 3.23+nmu1
I: Validating ifupdown 0.8.41
I: Validating init 1.65.2+deb12u1
I: Validating init-system-helpers 1.65.2+deb12u1
I: Validating iproute2 6.1.0-3
I: Validating iputils-ping 3:20221126-1+deb12u1
I: Validating isc-dhcp-client 4.4.3-P1-2
I: Validating isc-dhcp-common 4.4.3-P1-2
I: Validating kmod 30+20221128-1
I: Validating less 590-2.1~deb12u2
I: Validating libacl1 2.3.1-3
I: Validating libapparmor1 3.0.8-3
I: Validating libapt-pkg6.0 2.6.1
I: Validating libargon2-1 0~20171227-0.3+deb12u1
I: Validating libattr1 1:2.5.1-4
I: Validating libaudit-common 1:3.0.9-1
I: Validating libaudit1 1:3.0.9-1
I: Validating libblkid1 2.38.1-5+deb12u3
I: Validating libbpf1 1:1.1.2-0+deb12u1
I: Validating libbsd0 0.11.7-2
I: Validating libbz2-1.0 1.0.8-5+b1
I: Validating libc-bin 2.36-9+deb12u14
I: Validating libc6 2.36-9+deb12u14
I: Validating libcap-ng0 0.8.3-1+b3
I: Validating libcap2 1:2.66-4+deb12u3+b1
I: Validating libcap2-bin 1:2.66-4+deb12u3+b1
I: Validating libcom-err2 1.47.0-2+b2
I: Validating libcrypt1 1:4.4.33-2
I: Validating libcryptsetup12 2:2.6.1-4~deb12u2
I: Validating libdb5.3 5.3.28+dfsg2-1
I: Validating libdebconfclient0 0.270
I: Validating libdevmapper1.02.1 2:1.02.185-2
I: Validating libedit2 3.1-20221030-2
I: Validating libelf1 0.188-2.1
I: Validating libext2fs2 1.47.0-2+b2
I: Validating libfdisk1 2.38.1-5+deb12u3
I: Validating libffi8 3.4.4-1
I: Validating libgcc-s1 12.2.0-14+deb12u1
I: Validating libgcrypt20 1.10.1-3+deb12u1
I: Validating libgmp10 2:6.2.1+dfsg1-1.1
I: Validating libgnutls30 3.7.9-2+deb12u7
I: Validating libgpg-error0 1.46-1
I: Validating libgssapi-krb5-2 1.20.1-2+deb12u5
I: Validating libhogweed6 3.8.1-2
I: Validating libidn2-0 2.3.3-1+b1
I: Validating libip4tc2 1.8.9-2
I: Validating libjansson4 2.14-2
I: Validating libjson-c5 0.16-2
I: Validating libk5crypto3 1.20.1-2+deb12u5
I: Validating libkeyutils1 1.6.3-2
I: Validating libkmod2 30+20221128-1
I: Validating libkrb5-3 1.20.1-2+deb12u5
I: Validating libkrb5support0 1.20.1-2+deb12u5
I: Validating liblocale-gettext-perl 1.07-5
I: Validating liblz4-1 1.9.4-1
I: Validating liblzma5 5.4.1-1+deb12u1
I: Validating libmd0 1.0.4-2
I: Validating libmnl0 1.0.4-3
I: Validating libmount1 2.38.1-5+deb12u3
I: Validating libncursesw6 6.4-4
I: Validating libnettle8 3.8.1-2
I: Validating libnewt0.52 0.52.23-1+b1
I: Validating libnftables1 1.0.6-2+deb12u2
I: Validating libnftnl11 1.2.4-2
I: Validating libp11-kit0 0.24.1-2
I: Validating libpam-modules 1.5.2-6+deb12u2
I: Validating libpam-modules-bin 1.5.2-6+deb12u2
I: Validating libpam-runtime 1.5.2-6+deb12u2
I: Validating libpam0g 1.5.2-6+deb12u2
I: Validating libpcre2-8-0 10.42-1
I: Validating libpopt0 1.19+dfsg-1
I: Validating libproc2-0 2:4.0.2-3
I: Validating libreadline8 8.2-1.3
I: Validating libseccomp2 2.5.4-1+deb12u1
I: Validating libselinux1 3.4-1+b6
I: Validating libsemanage-common 3.4-1
I: Validating libsemanage2 3.4-1+b5
I: Validating libsepol2 3.4-2.1
I: Validating libslang2 2.3.3-3
I: Validating libsmartcols1 2.38.1-5+deb12u3
I: Validating libss2 1.47.0-2+b2
I: Validating libssl3 3.0.20-1~deb12u2
I: Validating libstdc++6 12.2.0-14+deb12u1
I: Validating libsystemd-shared 252.39-1~deb12u2
I: Validating libsystemd0 252.39-1~deb12u2
I: Validating libtasn1-6 4.19.0-2+deb12u1
I: Validating libtext-charwidth-perl 0.04-11
I: Validating libtext-iconv-perl 1.7-8
I: Validating libtext-wrapi18n-perl 0.06-10
I: Validating libtinfo6 6.4-4
I: Validating libtirpc-common 1.3.3+ds-1
I: Validating libtirpc3 1.3.3+ds-1
I: Validating libudev1 252.39-1~deb12u2
I: Validating libunistring2 1.0-2
I: Validating libuuid1 2.38.1-5+deb12u3
I: Validating libxtables12 1.8.9-2
I: Validating libxxhash0 0.8.1-1
I: Validating libzstd1 1.5.4+dfsg2-5
I: Validating login 1:4.13+dfsg1-1+deb12u2
I: Validating logrotate 3.21.0-1
I: Validating logsave 1.47.0-2+b2
I: Validating mawk 1.3.4.20200120-3.1
I: Validating mount 2.38.1-5+deb12u3
I: Validating nano 7.2-1+deb12u1
I: Validating ncurses-base 6.4-4
I: Validating ncurses-bin 6.4-4
I: Validating netbase 6.4
I: Validating nftables 1.0.6-2+deb12u2
I: Validating passwd 1:4.13+dfsg1-1+deb12u2
I: Validating perl-base 5.36.0-7+deb12u3
I: Validating procps 2:4.0.2-3
I: Validating readline-common 8.2-1.3
I: Validating sed 4.9-1+deb12u1
I: Validating sensible-utils 0.0.17+nmu1
I: Validating systemd 252.39-1~deb12u2
I: Validating systemd-sysv 252.39-1~deb12u2
I: Validating sysvinit-utils 3.06-4
I: Validating tar 1.34+dfsg-1.2+deb12u1
I: Validating tasksel 3.73
I: Validating tasksel-data 3.73
I: Validating tzdata 2026b-0+deb12u1
I: Validating udev 252.39-1~deb12u2
I: Validating usr-is-merged 37~deb12u1
I: Validating util-linux 2.38.1-5+deb12u3
I: Validating util-linux-extra 2.38.1-5+deb12u3
I: Validating vim-common 2:9.0.1378-2+deb12u2
I: Validating vim-tiny 2:9.0.1378-2+deb12u2
I: Validating whiptail 0.52.23-1+b1
I: Validating zlib1g 1:1.2.13.dfsg-1
I: Chosen extractor for .deb packages: dpkg-deb
I: Extracting adduser...
I: Extracting apt...
I: Extracting base-files...
I: Extracting base-passwd...
I: Extracting bash...
I: Extracting bsdutils...
I: Extracting coreutils...
I: Extracting dash...
I: Extracting debconf...
I: Extracting debian-archive-keyring...
I: Extracting debianutils...
I: Extracting diffutils...
I: Extracting dpkg...
I: Extracting e2fsprogs...
I: Extracting findutils...
I: Extracting gcc-12-base...
I: Extracting gpgv...
I: Extracting grep...
I: Extracting gzip...
I: Extracting hostname...
I: Extracting init-system-helpers...
I: Extracting libacl1...
I: Extracting libapt-pkg6.0...
I: Extracting libattr1...
I: Extracting libaudit-common...
I: Extracting libaudit1...
I: Extracting libblkid1...
I: Extracting libbz2-1.0...
I: Extracting libc-bin...
I: Extracting libc6...
I: Extracting libcap-ng0...
I: Extracting libcap2...
I: Extracting libcom-err2...
I: Extracting libcrypt1...
I: Extracting libdb5.3...
I: Extracting libdebconfclient0...
I: Extracting libext2fs2...
I: Extracting libffi8...
I: Extracting libgcc-s1...
I: Extracting libgcrypt20...
I: Extracting libgmp10...
I: Extracting libgnutls30...
I: Extracting libgpg-error0...
I: Extracting libhogweed6...
I: Extracting libidn2-0...
I: Extracting liblz4-1...
I: Extracting liblzma5...
I: Extracting libmd0...
I: Extracting libmount1...
I: Extracting libnettle8...
I: Extracting libp11-kit0...
I: Extracting libpam-modules...
I: Extracting libpam-modules-bin...
I: Extracting libpam-runtime...
I: Extracting libpam0g...
I: Extracting libpcre2-8-0...
I: Extracting libseccomp2...
I: Extracting libselinux1...
I: Extracting libsemanage-common...
I: Extracting libsemanage2...
I: Extracting libsepol2...
I: Extracting libsmartcols1...
I: Extracting libss2...
I: Extracting libstdc++6...
I: Extracting libsystemd0...
I: Extracting libtasn1-6...
I: Extracting libtinfo6...
I: Extracting libudev1...
I: Extracting libunistring2...
I: Extracting libuuid1...
I: Extracting libxxhash0...
I: Extracting libzstd1...
I: Extracting login...
I: Extracting logsave...
I: Extracting mawk...
I: Extracting mount...
I: Extracting ncurses-base...
I: Extracting ncurses-bin...
I: Extracting passwd...
I: Extracting perl-base...
I: Extracting sed...
I: Extracting sysvinit-utils...
I: Extracting tar...
I: Extracting tzdata...
I: Extracting usr-is-merged...
I: Extracting util-linux...
I: Extracting util-linux-extra...
I: Extracting zlib1g...
I: Installing core packages...
I: Unpacking required packages...
I: Unpacking adduser...
I: Unpacking apt...
I: Unpacking base-files...
I: Unpacking base-passwd...
I: Unpacking bash...
I: Unpacking bsdutils...
I: Unpacking coreutils...
I: Unpacking dash...
I: Unpacking debconf...
I: Unpacking debian-archive-keyring...
I: Unpacking debianutils...
I: Unpacking diffutils...
I: Unpacking dpkg...
I: Unpacking e2fsprogs...
I: Unpacking findutils...
I: Unpacking gcc-12-base:amd64...
I: Unpacking gpgv...
I: Unpacking grep...
I: Unpacking gzip...
I: Unpacking hostname...
I: Unpacking init-system-helpers...
I: Unpacking libacl1:amd64...
I: Unpacking libapt-pkg6.0:amd64...
I: Unpacking libattr1:amd64...
I: Unpacking libaudit-common...
I: Unpacking libaudit1:amd64...
I: Unpacking libblkid1:amd64...
I: Unpacking libbz2-1.0:amd64...
I: Unpacking libc-bin...
I: Unpacking libc6:amd64...
I: Unpacking libcap-ng0:amd64...
I: Unpacking libcap2:amd64...
I: Unpacking libcom-err2:amd64...
I: Unpacking libcrypt1:amd64...
I: Unpacking libdb5.3:amd64...
I: Unpacking libdebconfclient0:amd64...
I: Unpacking libext2fs2:amd64...
I: Unpacking libffi8:amd64...
I: Unpacking libgcc-s1:amd64...
I: Unpacking libgcrypt20:amd64...
I: Unpacking libgmp10:amd64...
I: Unpacking libgnutls30:amd64...
I: Unpacking libgpg-error0:amd64...
I: Unpacking libhogweed6:amd64...
I: Unpacking libidn2-0:amd64...
I: Unpacking liblz4-1:amd64...
I: Unpacking liblzma5:amd64...
I: Unpacking libmd0:amd64...
I: Unpacking libmount1:amd64...
I: Unpacking libnettle8:amd64...
I: Unpacking libp11-kit0:amd64...
I: Unpacking libpam-modules:amd64...
I: Unpacking libpam-modules-bin...
I: Unpacking libpam-runtime...
I: Unpacking libpam0g:amd64...
I: Unpacking libpcre2-8-0:amd64...
I: Unpacking libseccomp2:amd64...
I: Unpacking libselinux1:amd64...
I: Unpacking libsemanage-common...
I: Unpacking libsemanage2:amd64...
I: Unpacking libsepol2:amd64...
I: Unpacking libsmartcols1:amd64...
I: Unpacking libss2:amd64...
I: Unpacking libstdc++6:amd64...
I: Unpacking libsystemd0:amd64...
I: Unpacking libtasn1-6:amd64...
I: Unpacking libtinfo6:amd64...
I: Unpacking libudev1:amd64...
I: Unpacking libunistring2:amd64...
I: Unpacking libuuid1:amd64...
I: Unpacking libxxhash0:amd64...
I: Unpacking libzstd1:amd64...
I: Unpacking login...
I: Unpacking logsave...
I: Unpacking mawk...
I: Unpacking mount...
I: Unpacking ncurses-base...
I: Unpacking ncurses-bin...
I: Unpacking passwd...
I: Unpacking perl-base...
I: Unpacking sed...
I: Unpacking sysvinit-utils...
I: Unpacking tar...
I: Unpacking tzdata...
I: Unpacking usr-is-merged...
I: Unpacking util-linux...
I: Unpacking util-linux-extra...
I: Unpacking zlib1g:amd64...
I: Configuring required packages...
I: Configuring debian-archive-keyring...
I: Configuring usr-is-merged...
I: Configuring libaudit-common...
I: Configuring libsemanage-common...
I: Configuring debconf...
I: Configuring gcc-12-base:amd64...
I: Configuring tzdata...
I: Configuring ncurses-base...
I: Configuring init-system-helpers...
I: Configuring libgcc-s1:amd64...
I: Configuring libc6:amd64...
I: Configuring libudev1:amd64...
I: Configuring libffi8:amd64...
I: Configuring libmd0:amd64...
I: Configuring libxxhash0:amd64...
I: Configuring libattr1:amd64...
I: Configuring sysvinit-utils...
I: Configuring libtasn1-6:amd64...
I: Configuring debianutils...
I: Configuring mawk...
I: Configuring libdebconfclient0:amd64...
I: Configuring base-files...
I: Configuring libbz2-1.0:amd64...
I: Configuring libdb5.3:amd64...
I: Configuring libblkid1:amd64...
I: Configuring libstdc++6:amd64...
I: Configuring libtinfo6:amd64...
I: Configuring bash...
I: Configuring libzstd1:amd64...
I: Configuring liblzma5:amd64...
I: Configuring libgpg-error0:amd64...
I: Configuring liblz4-1:amd64...
I: Configuring libc-bin...
I: Configuring ncurses-bin...
I: Configuring libacl1:amd64...
I: Configuring libunistring2:amd64...
I: Configuring libsmartcols1:amd64...
I: Configuring libgcrypt20:amd64...
I: Configuring zlib1g:amd64...
I: Configuring libcrypt1:amd64...
I: Configuring libidn2-0:amd64...
I: Configuring libcom-err2:amd64...
I: Configuring diffutils...
I: Configuring libseccomp2:amd64...
I: Configuring libcap2:amd64...
I: Configuring hostname...
I: Configuring libcap-ng0:amd64...
I: Configuring libext2fs2:amd64...
I: Configuring libnettle8:amd64...
I: Configuring libgmp10:amd64...
I: Configuring libp11-kit0:amd64...
I: Configuring libaudit1:amd64...
I: Configuring libuuid1:amd64...
I: Configuring libss2:amd64...
I: Configuring libsepol2:amd64...
I: Configuring libpcre2-8-0:amd64...
I: Configuring logsave...
I: Configuring gpgv...
I: Configuring util-linux-extra...
I: Configuring libhogweed6:amd64...
I: Configuring e2fsprogs...
I: Configuring libsystemd0:amd64...
I: Configuring libselinux1:amd64...
I: Configuring libgnutls30:amd64...
I: Configuring libpam0g:amd64...
I: Configuring libapt-pkg6.0:amd64...
I: Configuring sed...
I: Configuring findutils...
I: Configuring libmount1:amd64...
I: Configuring libsemanage2:amd64...
I: Configuring base-passwd...
I: Configuring bsdutils...
I: Configuring tar...
I: Configuring libpam-modules-bin...
I: Configuring coreutils...
I: Configuring util-linux...
I: Configuring dpkg...
I: Configuring mount...
I: Configuring dash...
I: Configuring libpam-modules:amd64...
I: Configuring grep...
I: Configuring perl-base...
I: Configuring gzip...
I: Configuring passwd...
I: Configuring libpam-runtime...
I: Configuring login...
I: Configuring adduser...
I: Configuring apt...
I: Configuring libc-bin...
I: Unpacking the base system...
I: Unpacking apt-utils...
I: Unpacking cpio...
I: Unpacking cron...
I: Unpacking debconf-i18n...
I: Unpacking dmidecode...
I: Unpacking fdisk...
I: Unpacking ifupdown...
I: Unpacking init...
I: Unpacking iproute2...
I: Unpacking iputils-ping...
I: Unpacking isc-dhcp-client...
I: Unpacking isc-dhcp-common...
I: Unpacking kmod...
I: Unpacking less...
I: Unpacking libbpf1:amd64...
I: Unpacking libbsd0:amd64...
I: Unpacking libcap2-bin...
I: Unpacking libedit2:amd64...
I: Unpacking libelf1:amd64...
I: Unpacking libgssapi-krb5-2:amd64...
I: Unpacking libjansson4:amd64...
I: Unpacking libk5crypto3:amd64...
I: Unpacking libkeyutils1:amd64...
I: Unpacking libkrb5-3:amd64...
I: Unpacking libkrb5support0:amd64...
I: Unpacking liblocale-gettext-perl...
I: Unpacking libmnl0:amd64...
I: Unpacking libncursesw6:amd64...
I: Unpacking libnewt0.52:amd64...
I: Unpacking libnftables1:amd64...
I: Unpacking libnftnl11:amd64...
I: Unpacking libpopt0:amd64...
I: Unpacking libproc2-0:amd64...
I: Unpacking libreadline8:amd64...
I: Unpacking libslang2:amd64...
I: Unpacking libtext-charwidth-perl:amd64...
I: Unpacking libtext-iconv-perl:amd64...
I: Unpacking libtext-wrapi18n-perl...
I: Unpacking libtirpc-common...
I: Unpacking libtirpc3:amd64...
I: Unpacking libxtables12:amd64...
I: Unpacking logrotate...
I: Unpacking nano...
I: Unpacking netbase...
I: Unpacking nftables...
I: Unpacking procps...
I: Unpacking readline-common...
I: Unpacking sensible-utils...
I: Unpacking tasksel...
I: Unpacking tasksel-data...
I: Unpacking udev...
I: Unpacking vim-common...
I: Unpacking vim-tiny...
I: Unpacking whiptail...
I: Configuring the base system...
I: Configuring cpio...
I: Configuring libtext-iconv-perl:amd64...
I: Configuring libtext-charwidth-perl:amd64...
I: Configuring libkeyutils1:amd64...
I: Configuring apt-utils...
I: Configuring init...
I: Configuring libtirpc-common...
I: Configuring less...
I: Configuring kmod...
I: Configuring libtext-wrapi18n-perl...
I: Configuring libjansson4:amd64...
I: Configuring libkrb5support0:amd64...
I: Configuring libcap2-bin...
I: Configuring vim-common...
I: Configuring libslang2:amd64...
I: Configuring libproc2-0:amd64...
I: Configuring libmnl0:amd64...
I: Configuring udev...
I: Configuring libncursesw6:amd64...
I: Configuring libk5crypto3:amd64...
I: Configuring libxtables12:amd64...
I: Configuring nano...
I: Configuring sensible-utils...
I: Configuring procps...
I: Configuring netbase...
I: Configuring isc-dhcp-common...
I: Configuring libkrb5-3:amd64...
I: Configuring dmidecode...
I: Configuring libbsd0:amd64...
I: Configuring libelf1:amd64...
I: Configuring iputils-ping...
I: Configuring readline-common...
I: Configuring liblocale-gettext-perl...
I: Configuring libbpf1:amd64...
I: Configuring libpopt0:amd64...
I: Configuring logrotate...
I: Configuring libnewt0.52:amd64...
I: Configuring libedit2:amd64...
I: Configuring libreadline8:amd64...
I: Configuring cron...
I: Configuring debconf-i18n...
I: Configuring libnftnl11:amd64...
I: Configuring vim-tiny...
I: Configuring fdisk...
I: Configuring libgssapi-krb5-2:amd64...
I: Configuring whiptail...
I: Configuring libtirpc3:amd64...
I: Configuring libnftables1:amd64...
I: Configuring nftables...
I: Configuring iproute2...
I: Configuring isc-dhcp-client...
I: Configuring ifupdown...
I: Configuring tasksel...
I: Configuring tasksel-data...
I: Configuring libc-bin...
I: Base system installed successfully.
[2026-08-06 05:28:12] lb_bootstrap_cache save
P: Saving bootstrap stage to cache...
P: Begin unmounting filesystems...
P: Saving caches...
Reading package lists...
Building dependency tree...
[2026-08-06 05:28:13] lb_chroot 
P: Setting up cleanup function
[2026-08-06 05:28:13] lb_chroot_cache restore
[2026-08-06 05:28:13] lb_chroot_devpts install
[2026-08-06 05:28:13] lb_testroot 
P: Begin mounting /dev/pts...
[2026-08-06 05:28:13] lb_chroot_proc install
[2026-08-06 05:28:13] lb_testroot 
P: Begin mounting /proc...
[2026-08-06 05:28:13] lb_chroot_selinuxfs install
[2026-08-06 05:28:13] lb_testroot 
[2026-08-06 05:28:13] lb_chroot_sysfs install
[2026-08-06 05:28:13] lb_testroot 
P: Begin mounting /sys...
[2026-08-06 05:28:13] lb_chroot_debianchroot install
P: Configuring file /etc/debian_chroot
[2026-08-06 05:28:13] lb_chroot_dpkg install
P: Configuring file /sbin/start-stop-daemon
[2026-08-06 05:28:13] lb_chroot_tmpfs install
[2026-08-06 05:28:13] lb_chroot_sysv-rc install
P: Configuring file /usr/sbin/policy-rc.d
[2026-08-06 05:28:13] lb_chroot_upstart install
P: Configuring file /sbin/initctl
[2026-08-06 05:28:13] lb_chroot_hosts install
P: Configuring file /etc/hosts
[2026-08-06 05:28:13] lb_chroot_resolv install
P: Configuring file /etc/resolv.conf
[2026-08-06 05:28:13] lb_chroot_hostname install
P: Configuring file /etc/hostname
P: Configuring file /bin/hostname
[2026-08-06 05:28:13] lb_chroot_apt install
P: Configuring file /etc/apt/apt.conf
[2026-08-06 05:28:14] lb_chroot_archives chroot install
P: Configuring file /etc/apt/sources.list
P: Clean up /etc/apt/preferences.d/* now that we have persisted the existing files for later restoration ...
Hit:1 http://deb.debian.org/debian bookworm InRelease
Get:2 http://deb.debian.org/debian bookworm-updates InRelease [55.4 kB]
Get:3 http://security.debian.org/debian-security bookworm-security InRelease [34.8 kB]
Get:4 http://deb.debian.org/debian bookworm/non-free Sources [78.0 kB]
Get:5 http://deb.debian.org/debian bookworm/contrib Sources [51.1 kB]
Get:6 http://deb.debian.org/debian bookworm/main Sources [9492 kB]
Get:7 http://security.debian.org/debian-security bookworm-security/main amd64 Packages [325 kB]
Get:8 http://deb.debian.org/debian bookworm/non-free-firmware Sources [7152 B]
Get:9 http://deb.debian.org/debian bookworm/main Translation-en [6107 kB]
Get:10 http://security.debian.org/debian-security bookworm-security/main Translation-en [201 kB]
Get:11 http://deb.debian.org/debian bookworm/contrib Translation-en [48.4 kB]
Get:12 http://deb.debian.org/debian bookworm/non-free Translation-en [68.2 kB]
Get:13 http://deb.debian.org/debian bookworm/non-free-firmware Translation-en [20.9 kB]
Get:14 http://security.debian.org/debian-security bookworm-security/contrib amd64 Packages [896 B]
Get:15 http://security.debian.org/debian-security bookworm-security/contrib Translation-en [652 B]
Get:16 http://security.debian.org/debian-security bookworm-security/non-free-firmware amd64 Packages [688 B]
Get:17 http://security.debian.org/debian-security bookworm-security/non-free-firmware Translation-en [472 B]
Get:18 http://deb.debian.org/debian bookworm-updates/main Sources [3288 B]
Get:19 http://deb.debian.org/debian bookworm-updates/main amd64 Packages [6924 B]
Get:20 http://deb.debian.org/debian bookworm-updates/main Translation-en [5448 B]
Fetched 16.5 MB in 2s (10.5 MB/s)
Reading package lists...
Reading package lists...
Building dependency tree...
debian-archive-keyring is already the newest version (2023.3+deb12u2).
0 upgraded, 0 newly installed, 0 to remove and 0 not upgraded.
Hit:1 http://deb.debian.org/debian bookworm InRelease
Hit:2 http://security.debian.org/debian-security bookworm-security InRelease
Hit:3 http://deb.debian.org/debian bookworm-updates InRelease
Reading package lists...
Reading package lists...
Building dependency tree...
Calculating upgrade...
0 upgraded, 0 newly installed, 0 to remove and 0 not upgraded.
W: --force-yes is deprecated, use one of the options starting with --allow instead.
Reading package lists...
Building dependency tree...
Calculating upgrade...
0 upgraded, 0 newly installed, 0 to remove and 0 not upgraded.
W: --force-yes is deprecated, use one of the options starting with --allow instead.
Reading package lists...
Building dependency tree...
[2026-08-06 05:28:17] lb_chroot_linux-image 
--2026-08-06 05:28:17--  http://deb.debian.org/debian/dists/bookworm/main/Contents-amd64.gz
Resolving deb.debian.org (deb.debian.org)... 146.75.30.132, 2a04:4e42:77::644
Connecting to deb.debian.org (deb.debian.org)|146.75.30.132|:80... connected.
HTTP request sent, awaiting response... 200 OK
Length: 11629145 (11M) [application/x-gzip]
Saving to: ‘STDOUT’

     0K .......... .......... .......... .......... ..........  0% 9.30M 1s
    50K .......... .......... .......... .......... ..........  0% 21.6M 1s
   100K .......... .......... .......... .......... ..........  1% 11.2M 1s
   150K .......... .......... .......... .......... ..........  1% 42.9M 1s
   200K .......... .......... .......... .......... ..........  2% 11.6M 1s
   250K .......... .......... .......... .......... ..........  2% 43.7M 1s
   300K .......... .......... .......... .......... ..........  3% 2.83M 1s
   350K .......... .......... .......... .......... ..........  3%  384M 1s
   400K .......... .......... .......... .......... ..........  3%  537M 1s
   450K .......... .......... .......... .......... ..........  4% 9.59M 1s
   500K .......... .......... .......... .......... ..........  4%  162M 1s
   550K .......... .......... .......... .......... ..........  5% 4.23M 1s
   600K .......... .......... .......... .......... ..........  5% 93.1T 1s
   650K .......... .......... .......... .......... ..........  6%  354M 1s
   700K .......... .......... .......... .......... ..........  6%  480M 1s
   750K .......... .......... .......... .......... ..........  7%  435M 1s
   800K .......... .......... .......... .......... ..........  7% 3.26M 1s
   850K .......... .......... .......... .......... ..........  7% 93.1T 1s
   900K .......... .......... .......... .......... ..........  8%  359M 1s
   950K .......... .......... .......... .......... ..........  8%  330M 1s
  1000K .......... .......... .......... .......... ..........  9%  386M 1s
  1050K .......... .......... .......... .......... ..........  9% 3.00M 1s
  1100K .......... .......... .......... .......... .......... 10% 93.1T 1s
  1150K .......... .......... .......... .......... .......... 10%  386M 1s
  1200K .......... .......... .......... .......... .......... 11%  410M 1s
  1250K .......... .......... .......... .......... .......... 11%  444M 1s
  1300K .......... .......... .......... .......... .......... 11% 93.1T 1s
  1350K .......... .......... .......... .......... .......... 12% 3.23M 1s
  1400K .......... .......... .......... .......... .......... 12%  359M 1s
  1450K .......... .......... .......... .......... .......... 13%  425M 1s
  1500K .......... .......... .......... .......... .......... 13%  383M 1s
  1550K .......... .......... .......... .......... .......... 14% 93.1T 1s
  1600K .......... .......... .......... .......... .......... 14% 3.30M 1s
  1650K .......... .......... .......... .......... .......... 14%  402M 1s
  1700K .......... .......... .......... .......... .......... 15%  448M 1s
  1750K .......... .......... .......... .......... .......... 15% 93.1T 1s
  1800K .......... .......... .......... .......... .......... 16%  418M 1s
  1850K .......... .......... .......... .......... .......... 16% 3.30M 1s
  1900K .......... .......... .......... .......... .......... 17%  375M 1s
  1950K .......... .......... .......... .......... .......... 17%  432M 1s
  2000K .......... .......... .......... .......... .......... 18% 93.1T 1s
  2050K .......... .......... .......... .......... .......... 18%  409M 1s
  2100K .......... .......... .......... .......... .......... 18% 3.14M 1s
  2150K .......... .......... .......... .......... .......... 19%  424M 1s
  2200K .......... .......... .......... .......... .......... 19% 93.1T 1s
  2250K .......... .......... .......... .......... .......... 20%  407M 1s
  2300K .......... .......... .......... .......... .......... 20%  428M 1s
  2350K .......... .......... .......... .......... .......... 21% 3.34M 1s
  2400K .......... .......... .......... .......... .......... 21%  425M 1s
  2450K .......... .......... .......... .......... .......... 22% 93.1T 1s
  2500K .......... .......... .......... .......... .......... 22%  425M 1s
  2550K .......... .......... .......... .......... .......... 22%  429M 1s
  2600K .......... .......... .......... .......... .......... 23% 2.87M 1s
  2650K .......... .......... .......... .......... .......... 23%  397M 1s
  2700K .......... .......... .......... .......... .......... 24% 93.1T 1s
  2750K .......... .......... .......... .......... .......... 24%  447M 1s
  2800K .......... .......... .......... .......... .......... 25%  391M 1s
  2850K .......... .......... .......... .......... .......... 25% 3.11M 1s
  2900K .......... .......... .......... .......... .......... 25% 93.1T 1s
  2950K .......... .......... .......... .......... .......... 26%  385M 1s
  3000K .......... .......... .......... .......... .......... 26%  442M 1s
  3050K .......... .......... .......... .......... .......... 27%  390M 1s
  3100K .......... .......... .......... .......... .......... 27% 2.90M 1s
  3150K .......... .......... .......... .......... .......... 28% 93.1T 1s
  3200K .......... .......... .......... .......... .......... 28%  386M 1s
  3250K .......... .......... .......... .......... .......... 29%  394M 1s
  3300K .......... .......... .......... .......... .......... 29%  270M 1s
  3350K .......... .......... .......... .......... .......... 29% 93.1T 0s
  3400K .......... .......... .......... .......... .......... 30% 1.80M 1s
  3450K .......... .......... .......... .......... .......... 30%  403M 1s
  3500K .......... .......... .......... .......... .......... 31%  437M 1s
  3550K .......... .......... .......... .......... .......... 31%  433M 1s
  3600K .......... .......... .......... .......... .......... 32% 93.1T 1s
  3650K .......... .......... .......... .......... .......... 32% 1.80M 1s
  3700K .......... .......... .......... .......... .......... 33%  371M 1s
  3750K .......... .......... .......... .......... .......... 33%  414M 1s
  3800K .......... .......... .......... .......... .......... 33% 93.1T 1s
  3850K .......... .......... .......... .......... .......... 34%  344M 1s
  3900K .......... .......... .......... .......... .......... 34% 2.09M 1s
  3950K .......... .......... .......... .......... .......... 35%  403M 1s
  4000K .......... .......... .......... .......... .......... 35%  520M 1s
  4050K .......... .......... .......... .......... .......... 36% 93.1T 1s
  4100K .......... .......... .......... .......... .......... 36%  499M 1s
  4150K .......... .......... .......... .......... .......... 36% 2.14M 1s
  4200K .......... .......... .......... .......... .......... 37%  396M 1s
  4250K .......... .......... .......... .......... .......... 37%  511M 1s
  4300K .......... .......... .......... .......... .......... 38% 93.1T 1s
  4350K .......... .......... .......... .......... .......... 38%  494M 0s
  4400K .......... .......... .......... .......... .......... 39% 3.08M 1s
  4450K .......... .......... .......... .......... .......... 39%  399M 1s
  4500K .......... .......... .......... .......... .......... 40% 93.1T 0s
  4550K .......... .......... .......... .......... .......... 40%  311M 0s
  4600K .......... .......... .......... .......... .......... 40%  427M 0s
  4650K .......... .......... .......... .......... .......... 41% 2.51M 0s
  4700K .......... .......... .......... .......... .......... 41%  409M 0s
  4750K .......... .......... .......... .......... .......... 42% 93.1T 0s
  4800K .......... .......... .......... .......... .......... 42%  499M 0s
  4850K .......... .......... .......... .......... .......... 43%  519M 0s
  4900K .......... .......... .......... .......... .......... 43% 3.08M 0s
  4950K .......... .......... .......... .......... .......... 44% 93.1T 0s
  5000K .......... .......... .......... .......... .......... 44%  394M 0s
  5050K .......... .......... .......... .......... .......... 44%  527M 0s
  5100K .......... .......... .......... .......... .......... 45%  308M 0s
  5150K .......... .......... .......... .......... .......... 45% 3.00M 0s
  5200K .......... .......... .......... .......... .......... 46% 93.1T 0s
  5250K .......... .......... .......... .......... .......... 46%  337M 0s
  5300K .......... .......... .......... .......... .......... 47%  413M 0s
  5350K .......... .......... .......... .......... .......... 47%  418M 0s
  5400K .......... .......... .......... .......... .......... 47% 93.1T 0s
  5450K .......... .......... .......... .......... .......... 48% 2.79M 0s
  5500K .......... .......... .......... .......... .......... 48%  396M 0s
  5550K .......... .......... .......... .......... .......... 49%  509M 0s
  5600K .......... .......... .......... .......... .......... 49%  504M 0s
  5650K .......... .......... .......... .......... .......... 50% 93.1T 0s
  5700K .......... .......... .......... .......... .......... 50% 3.31M 0s
  5750K .......... .......... .......... .......... .......... 51%  407M 0s
  5800K .......... .......... .......... .......... .......... 51%  518M 0s
  5850K .......... .......... .......... .......... .......... 51%  519M 0s
  5900K .......... .......... .......... .......... .......... 52% 93.1T 0s
  5950K .......... .......... .......... .......... .......... 52% 1.96M 0s
  6000K .......... .......... .......... .......... .......... 53%  358M 0s
  6050K .......... .......... .......... .......... .......... 53%  403M 0s
  6100K .......... .......... .......... .......... .......... 54% 93.1T 0s
  6150K .......... .......... .......... .......... .......... 54%  406M 0s
  6200K .......... .......... .......... .......... .......... 55% 2.03M 0s
  6250K .......... .......... .......... .......... .......... 55%  348M 0s
  6300K .......... .......... .......... .......... .......... 55%  404M 0s
  6350K .......... .......... .......... .......... .......... 56% 93.1T 0s
  6400K .......... .......... .......... .......... .......... 56%  474M 0s
  6450K .......... .......... .......... .......... .......... 57% 3.05M 0s
  6500K .......... .......... .......... .......... .......... 57%  368M 0s
  6550K .......... .......... .......... .......... .......... 58% 93.1T 0s
  6600K .......... .......... .......... .......... .......... 58%  418M 0s
  6650K .......... .......... .......... .......... .......... 58%  513M 0s
  6700K .......... .......... .......... .......... .......... 59% 3.27M 0s
  6750K .......... .......... .......... .......... .......... 59%  391M 0s
  6800K .......... .......... .......... .......... .......... 60% 93.1T 0s
  6850K .......... .......... .......... .......... .......... 60%  480M 0s
  6900K .......... .......... .......... .......... .......... 61%  505M 0s
  6950K .......... .......... .......... .......... .......... 61% 2.80M 0s
  7000K .......... .......... .......... .......... .......... 62% 93.1T 0s
  7050K .......... .......... .......... .......... .......... 62%  360M 0s
  7100K .......... .......... .......... .......... .......... 62%  474M 0s
  7150K .......... .......... .......... .......... .......... 63%  507M 0s
  7200K .......... .......... .......... .......... .......... 63% 3.71M 0s
  7250K .......... .......... .......... .......... .......... 64% 93.1T 0s
  7300K .......... .......... .......... .......... .......... 64%  335M 0s
  7350K .......... .......... .......... .......... .......... 65%  439M 0s
  7400K .......... .......... .......... .......... .......... 65%  403M 0s
  7450K .......... .......... .......... .......... .......... 66% 3.09M 0s
  7500K .......... .......... .......... .......... .......... 66% 93.1T 0s
  7550K .......... .......... .......... .......... .......... 66%  377M 0s
  7600K .......... .......... .......... .......... .......... 67%  492M 0s
  7650K .......... .......... .......... .......... .......... 67%  519M 0s
  7700K .......... .......... .......... .......... .......... 68% 93.1T 0s
  7750K .......... .......... .......... .......... .......... 68% 3.05M 0s
  7800K .......... .......... .......... .......... .......... 69%  363M 0s
  7850K .......... .......... .......... .......... .......... 69%  412M 0s
  7900K .......... .......... .......... .......... .......... 70%  398M 0s
  7950K .......... .......... .......... .......... .......... 70% 93.1T 0s
  8000K .......... .......... .......... .......... .......... 70% 3.09M 0s
  8050K .......... .......... .......... .......... .......... 71%  393M 0s
  8100K .......... .......... .......... .......... .......... 71%  408M 0s
  8150K .......... .......... .......... .......... .......... 72% 93.1T 0s
  8200K .......... .......... .......... .......... .......... 72%  385M 0s
  8250K .......... .......... .......... .......... .......... 73% 3.16M 0s
  8300K .......... .......... .......... .......... .......... 73%  396M 0s
  8350K .......... .......... .......... .......... .......... 73%  468M 0s
  8400K .......... .......... .......... .......... .......... 74% 93.1T 0s
  8450K .......... .......... .......... .......... .......... 74%  496M 0s
  8500K .......... .......... .......... .......... .......... 75% 3.40M 0s
  8550K .......... .......... .......... .......... .......... 75%  303M 0s
  8600K .......... .......... .......... .......... .......... 76% 93.1T 0s
  8650K .......... .......... .......... .......... .......... 76%  466M 0s
  8700K .......... .......... .......... .......... .......... 77%  518M 0s
  8750K .......... .......... .......... .......... .......... 77% 3.61M 0s
  8800K .......... .......... .......... .......... .......... 77%  347M 0s
  8850K .......... .......... .......... .......... .......... 78% 93.1T 0s
  8900K .......... .......... .......... .......... .......... 78%  386M 0s
  8950K .......... .......... .......... .......... .......... 79%  449M 0s
  9000K .......... .......... .......... .......... .......... 79% 3.20M 0s
  9050K .......... .......... .......... .......... .......... 80%  393M 0s
  9100K .......... .......... .......... .......... .......... 80% 93.1T 0s
  9150K .......... .......... .......... .......... .......... 81%  375M 0s
  9200K .......... .......... .......... .......... .......... 81%  400M 0s
  9250K .......... .......... .......... .......... .......... 81% 3.88M 0s
  9300K .......... .......... .......... .......... .......... 82% 93.1T 0s
  9350K .......... .......... .......... .......... .......... 82%  375M 0s
  9400K .......... .......... .......... .......... .......... 83%  433M 0s
  9450K .......... .......... .......... .......... .......... 83%  397M 0s
  9500K .......... .......... .......... .......... .......... 84% 3.30M 0s
  9550K .......... .......... .......... .......... .......... 84% 93.1T 0s
  9600K .......... .......... .......... .......... .......... 84%  387M 0s
  9650K .......... .......... .......... .......... .......... 85%  478M 0s
  9700K .......... .......... .......... .......... .......... 85%  519M 0s
  9750K .......... .......... .......... .......... .......... 86% 93.1T 0s
  9800K .......... .......... .......... .......... .......... 86% 4.59M 0s
  9850K .......... .......... .......... .......... .......... 87%  355M 0s
  9900K .......... .......... .......... .......... .......... 87%  396M 0s
  9950K .......... .......... .......... .......... .......... 88%  336M 0s
 10000K .......... .......... .......... .......... .......... 88% 93.1T 0s
 10050K .......... .......... .......... .......... .......... 88% 4.59M 0s
 10100K .......... .......... .......... .......... .......... 89%  429M 0s
 10150K .......... .......... .......... .......... .......... 89%  500M 0s
 10200K .......... .......... .......... .......... .......... 90% 93.1T 0s
 10250K .......... .......... .......... .......... .......... 90%  409M 0s
 10300K .......... .......... .......... .......... .......... 91% 4.13M 0s
 10350K .......... .......... .......... .......... .......... 91%  361M 0s
 10400K .......... .......... .......... .......... .......... 92%  358M 0s
 10450K .......... .......... .......... .......... .......... 92% 93.1T 0s
 10500K .......... .......... .......... .......... .......... 92%  408M 0s
 10550K .......... .......... .......... .......... .......... 93% 3.65M 0s
 10600K .......... .......... .......... .......... .......... 93%  403M 0s
 10650K .......... .......... .......... .......... .......... 94%  436M 0s
 10700K .......... .......... .......... .......... .......... 94% 93.1T 0s
 10750K .......... .......... .......... .......... .......... 95%  488M 0s
 10800K .......... .......... .......... .......... .......... 95% 3.64M 0s
 10850K .......... .......... .......... .......... .......... 95%  392M 0s
 10900K .......... .......... .......... .......... .......... 96% 93.1T 0s
 10950K .......... .......... .......... .......... .......... 96%  407M 0s
 11000K .......... .......... .......... .......... .......... 97%  425M 0s
 11050K .......... .......... .......... .......... .......... 97% 3.45M 0s
 11100K .......... .......... .......... .......... .......... 98%  374M 0s
 11150K .......... .......... .......... .......... .......... 98% 93.1T 0s
 11200K .......... .......... .......... .......... .......... 99%  361M 0s
 11250K .......... .......... .......... .......... .......... 99%  426M 0s
 11300K .......... .......... .......... .......... .......... 99% 2.61M 0s
 11350K ......                                                100% 12.3T=0.8s

2026-08-06 05:28:18 (14.6 MB/s) - written to stdout [11629145/11629145]

[2026-08-06 05:28:19] lb_chroot_preseed 
P: Begin executing local preseeds...
[2026-08-06 05:28:19] lb_chroot_early_hooks 
P: Begin executing early chroot hooks...
[2026-08-06 05:28:19] lb_chroot_package-lists install
P: Begin queueing installation of package lists (install pass)...
Reading package lists...
Building dependency tree...
Suggested packages:
  debtags
The following NEW packages will be installed:
  dctrl-tools
0 upgraded, 1 newly installed, 0 to remove and 0 not upgraded.
Need to get 104 kB of archives.
After this operation, 432 kB of additional disk space will be used.
Get:1 http://deb.debian.org/debian bookworm/main amd64 dctrl-tools amd64 2.24-3+b1 [104 kB]
Fetched 104 kB in 0s (3788 kB/s)
Selecting previously unselected package dctrl-tools.
(Reading database ... (Reading database ... 5%(Reading database ... 10%(Reading database ... 15%(Reading database ... 20%(Reading database ... 25%(Reading database ... 30%(Reading database ... 35%(Reading database ... 40%(Reading database ... 45%(Reading database ... 50%(Reading database ... 55%(Reading database ... 60%(Reading database ... 65%(Reading database ... 70%(Reading database ... 75%(Reading database ... 80%(Reading database ... 85%(Reading database ... 90%(Reading database ... 95%(Reading database ... 100%(Reading database ... 8753 files and directories currently installed.)
Preparing to unpack .../dctrl-tools_2.24-3+b1_amd64.deb ...
Unpacking dctrl-tools (2.24-3+b1) ...
Setting up dctrl-tools (2.24-3+b1) ...
Reading package lists...
Building dependency tree...
Reading state information...
The following packages will be REMOVED:
  dctrl-tools*
0 upgraded, 0 newly installed, 1 to remove and 0 not upgraded.
After this operation, 432 kB disk space will be freed.
(Reading database ... (Reading database ... 5%(Reading database ... 10%(Reading database ... 15%(Reading database ... 20%(Reading database ... 25%(Reading database ... 30%(Reading database ... 35%(Reading database ... 40%(Reading database ... 45%(Reading database ... 50%(Reading database ... 55%(Reading database ... 60%(Reading database ... 65%(Reading database ... 70%(Reading database ... 75%(Reading database ... 80%(Reading database ... 85%(Reading database ... 90%(Reading database ... 95%(Reading database ... 100%(Reading database ... 8794 files and directories currently installed.)
Removing dctrl-tools (2.24-3+b1) ...
(Reading database ... (Reading database ... 5%(Reading database ... 10%(Reading database ... 15%(Reading database ... 20%(Reading database ... 25%(Reading database ... 30%(Reading database ... 35%(Reading database ... 40%(Reading database ... 45%(Reading database ... 50%(Reading database ... 55%(Reading database ... 60%(Reading database ... 65%(Reading database ... 70%(Reading database ... 75%(Reading database ... 80%(Reading database ... 85%(Reading database ... 90%(Reading database ... 95%(Reading database ... 100%(Reading database ... 8753 files and directories currently installed.)
Purging configuration files for dctrl-tools (2.24-3+b1) ...
Reading package lists...
Building dependency tree...
Reading state information...
[2026-08-06 05:28:20] lb_chroot_install-packages install
P: Begin installing packages (install pass)...
Reading package lists...
Building dependency tree...
Reading state information...
systemd-sysv is already the newest version (252.39-1~deb12u2).
The following additional packages will be installed:
  at-spi2-common busybox cpp cpp-12 dbus dbus-bin dbus-daemon
  dbus-session-bus-common dbus-system-bus-common dconf-gsettings-backend
  dconf-service firmware-amd-graphics firmware-linux-free
  firmware-linux-nonfree firmware-misc-nonfree fontconfig fontconfig-config
  fonts-urw-base35 gdisk glib-networking glib-networking-common
  glib-networking-services gsettings-desktop-schemas gtk-update-icon-cache
  gvfs-common gvfs-daemons gvfs-libs initramfs-tools initramfs-tools-core
  iucode-tool keyboard-configuration klibc-utils libabsl20220623 libaom3
  libarchive13 libatasmart4 libatk1.0-0 libavahi-client3 libavahi-common-data
  libavahi-common3 libavahi-glib1 libavif15 libblockdev-fs2 libblockdev-loop2
  libblockdev-part-err2 libblockdev-part2 libblockdev-swap2 libblockdev-utils2
  libblockdev2 libbluetooth3 libbluray2 libbrotli1 libc-l10n libcairo-gobject2
  libcairo2 libcdio-cdda2 libcdio-paranoia2 libcdio19 libcfitsio10 libcups2
  libcurl3-gnutls libcurl4 libdatrie1 libdav1d6 libdbus-1-3 libdbus-glib-1-2
  libdconf1 libde265-0 libdeflate0 libdrm-amdgpu1 libdrm-common libdrm-intel1
  libdrm-nouveau2 libdrm-radeon1 libdrm2 libduktape207 libegl-mesa0 libegl1
  libepoxy0 libevdev2 libexif12 libexpat1 libfftw3-double3 libfm-data
  libfm-extra4 libfm-gtk-data libfm-gtk4 libfm4 libfontconfig1 libfontenc1
  libfreetype6 libfribidi0 libgav1-1 libgbm1 libgck-1-0 libgcr-base-3-1 libgd3
  libgdata-common libgdata22 libgdk-pixbuf-2.0-0 libgdk-pixbuf2.0-common
  libgif7 libgl1 libgl1-mesa-dri libglapi-mesa libglib2.0-0 libglvnd0
  libglx-mesa0 libglx0 libgoa-1.0-0b libgoa-1.0-common libgomp1 libgphoto2-6
  libgphoto2-port12 libgraphite2-3 libgs-common libgs10 libgs10-common
  libgtk2.0-0 libgtk2.0-common libgudev-1.0-0 libharfbuzz0b libheif1 libhwy1
  libice6 libicu72 libid3tag0 libidn12 libijs-0.35 libimlib2 libimobiledevice6
  libindi-data libindidriver1 libinput-bin libinput10 libisl23 libjbig0
  libjbig2dec0 libjpeg62-turbo libjson-glib-1.0-0 libjson-glib-1.0-common
  libjxl0.7 libklibc liblcms2-2 libldap-2.5-0 libldb2 liblerc4 libllvm15
  liblmdb0 libltdl7 libmenu-cache-bin libmenu-cache3 libmm-glib0 libmpc3
  libmpfr6 libmtdev1 libmtp-common libmtp9 libndp0 libnfs13 libnghttp2-14
  libnl-3-200 libnl-genl-3-200 libnl-route-3-200 libnm0 libnova-0.16-0 libnsl2
  libnuma1 libobrender32v5 libobt2v5 libogg0 libopenjp2-7 libpam-systemd
  libpango-1.0-0 libpangocairo-1.0-0 libpangoft2-1.0-0 libpangoxft-1.0-0
  libpaper1 libparted-fs-resize0 libparted2 libpciaccess0 libpcsclite1
  libpixman-1-0 libplist3 libpng16-16 libpolkit-agent-1-0
  libpolkit-gobject-1-0 libproxy1v5 libpsl5 libpython3-stdlib
  libpython3.11-minimal libpython3.11-stdlib librav1e0 librsvg2-2 librtmp1
  libsasl2-2 libsasl2-modules-db libsecret-1-0 libsecret-common
  libsensors-config libsensors5 libsm6 libsmbclient libsoup-3.0-0
  libsoup-3.0-common libsoup2.4-1 libsoup2.4-common libspectre1 libsqlite3-0
  libssh2-1 libstartup-notification0 libsvtav1enc1 libtalloc2 libtdb1
  libteamdctl0 libtevent0 libthai-data libthai0 libtheora0 libtiff6
  libudfread0 libudisks2-0 libunwind8 libusb-1.0-0 libusbmuxd6 libwacom-common
  libwacom9 libwayland-client0 libwayland-server0 libwbclient0 libwebp7
  libwebpdemux2 libx11-6 libx11-data libx11-xcb1 libx265-199 libxatracker2
  libxau6 libxaw7 libxcb-dri2-0 libxcb-dri3-0 libxcb-glx0 libxcb-present0
  libxcb-randr0 libxcb-render0 libxcb-shm0 libxcb-sync1 libxcb-util1
  libxcb-xfixes0 libxcb1 libxcomposite1 libxcursor1 libxcvt0 libxdamage1
  libxdmcp6 libxext6 libxfixes3 libxfont2 libxft2 libxi6 libxinerama1
  libxkbfile1 libxml2 libxmu6 libxmuu1 libxpm4 libxrandr2 libxrender1
  libxshmfence1 libxt6 libxxf86vm1 libyuv0 libz3-4 linux-base
  linux-image-6.1.0-52-amd64 live-boot-initramfs-tools live-config-systemd
  lsof lxmenu-data media-types openssl parted poppler-data psmisc python3
  python3-minimal python3.11 python3.11-minimal samba-libs sgml-base ucf
  x11-common x11-xkb-utils xauth xfonts-encodings xfonts-utils xkb-data
  xml-core xserver-common xserver-xorg-core xserver-xorg-input-all
  xserver-xorg-input-libinput xserver-xorg-video-all xserver-xorg-video-amdgpu
  xserver-xorg-video-ati xserver-xorg-video-fbdev xserver-xorg-video-nouveau
  xserver-xorg-video-radeon xserver-xorg-video-vesa xserver-xorg-video-vmware
Suggested packages:
  cpp-doc gcc-12-locales cpp-12-doc fonts-freefont-otf | fonts-freefont-ttf
  fonts-texgyre bluez-obexd pkexec samba-common bash-completion lrzip
  libbluray-bdj cups-common libfftw3-bin libfftw3-dev libfm-tools
  nautilus-actions libgd-tools low-memory-monitor gphoto2 libusbmuxd-tools
  liblcms2-utils libparted-dev libparted-i18n pciutils pcscd librsvg2-bin
  lm-sensors libwacom-bin linux-doc-6.1 debian-kernel-handbook grub-pc
  | grub-efi-amd64 | extlinux cryptsetup curlftpfs httpfs2 wget libteam-utils
  iptables fonts-dejavu libxml2-dev tint2 openbox-gnome-session
  openbox-kde-session parted-doc polkitd-pkla poppler-utils ghostscript
  fonts-japanese-mincho | fonts-ipafont-mincho fonts-japanese-gothic
  | fonts-ipafont-gothic fonts-arphic-ukai fonts-arphic-uming fonts-nanum
  python3-doc python3-tk python3-venv python3.11-venv python3.11-doc binutils
  binfmt-support sgml-base-doc btrfs-progs f2fs-tools libblockdev-mdraid2
  mdadm nilfs-tools reiserfsprogs udftools udisks2-bcache udisks2-btrfs
  udisks2-lvm2 udisks2-zram xfsprogs wpagui libengine-pkcs11-openssl nickle
  cairo-5c xorg-docs-core debhelper xfonts-100dpi | xfonts-75dpi
  xfonts-scalable xserver-xorg-video-r128 xserver-xorg-video-mach64
Recommended packages:
  librsvg2-common amd64-microcode groff-base gnome-keyring zstd libaacs0 eject
  libfm-modules libgdk-pixbuf2.0-bin libglib2.0-data libgphoto2-l10n
  fonts-droid-fallback libgail-common libgtk2.0-bin usbmuxd libldap-common
  modemmanager libmtp-runtime dbus-user-session libpaper-utils publicsuffix
  libsasl2-modules apparmor live-boot-doc live-tools rsync uuid-runtime
  live-config-doc user-setup ppp dnsmasq-base wireless-regdb obconf
  | obconf-qt scrot gvfs-fuse lxpolkit | polkit-1-auth-agent
  | policykit-1-gnome lxde-icon-theme | gnome-icon-theme | oxygen-icon-theme
  | tango-icon-theme dosfstools libblockdev-crypto2 ntfs-3g exfatprogs
  xfonts-base xserver-xorg-legacy xcvt xserver-xorg-input-wacom
  xserver-xorg-video-intel xserver-xorg-video-qxl
The following NEW packages will be installed:
  adwaita-icon-theme at-spi2-common busybox ca-certificates cpp cpp-12 dbus
  dbus-bin dbus-daemon dbus-session-bus-common dbus-system-bus-common dbus-x11
  dconf-gsettings-backend dconf-service desktop-file-utils
  firmware-amd-graphics firmware-linux firmware-linux-free
  firmware-linux-nonfree firmware-misc-nonfree fontconfig fontconfig-config
  fonts-dejavu-core fonts-liberation fonts-noto-color-emoji fonts-noto-core
  fonts-urw-base35 gdisk glib-networking glib-networking-common
  glib-networking-services gsettings-desktop-schemas gtk-update-icon-cache
  gvfs gvfs-backends gvfs-common gvfs-daemons gvfs-libs hicolor-icon-theme
  indi-dsi initramfs-tools initramfs-tools-core intel-microcode iucode-tool
  keyboard-configuration klibc-utils libabsl20220623 libaom3 libarchive13
  libatasmart4 libatk1.0-0 libavahi-client3 libavahi-common-data
  libavahi-common3 libavahi-glib1 libavif15 libblockdev-fs2 libblockdev-loop2
  libblockdev-part-err2 libblockdev-part2 libblockdev-swap2 libblockdev-utils2
  libblockdev2 libbluetooth3 libbluray2 libbrotli1 libc-l10n libcairo-gobject2
  libcairo2 libcdio-cdda2 libcdio-paranoia2 libcdio19 libcfitsio10 libcups2
  libcurl3-gnutls libcurl4 libdatrie1 libdav1d6 libdbus-1-3 libdbus-glib-1-2
  libdconf1 libde265-0 libdeflate0 libdrm-amdgpu1 libdrm-common libdrm-intel1
  libdrm-nouveau2 libdrm-radeon1 libdrm2 libduktape207 libegl-mesa0 libegl1
  libepoxy0 libevdev2 libexif12 libexpat1 libfftw3-double3 libfm-data
  libfm-extra4 libfm-gtk-data libfm-gtk4 libfm4 libfontconfig1 libfontenc1
  libfreetype6 libfribidi0 libgav1-1 libgbm1 libgck-1-0 libgcr-base-3-1 libgd3
  libgdata-common libgdata22 libgdk-pixbuf-2.0-0 libgdk-pixbuf2.0-common
  libgif7 libgl1 libgl1-mesa-dri libglapi-mesa libglib2.0-0 libglvnd0
  libglx-mesa0 libglx0 libgoa-1.0-0b libgoa-1.0-common libgomp1 libgphoto2-6
  libgphoto2-port12 libgraphite2-3 libgs-common libgs10 libgs10-common
  libgtk2.0-0 libgtk2.0-common libgudev-1.0-0 libharfbuzz0b libheif1 libhwy1
  libice6 libicu72 libid3tag0 libidn12 libijs-0.35 libimlib2 libimobiledevice6
  libindi-data libindidriver1 libinput-bin libinput10 libisl23 libjbig0
  libjbig2dec0 libjpeg62-turbo libjson-glib-1.0-0 libjson-glib-1.0-common
  libjxl0.7 libklibc liblcms2-2 libldap-2.5-0 libldb2 liblerc4 libllvm15
  liblmdb0 libltdl7 libmenu-cache-bin libmenu-cache3 libmm-glib0 libmpc3
  libmpfr6 libmtdev1 libmtp-common libmtp9 libndp0 libnfs13 libnghttp2-14
  libnl-3-200 libnl-genl-3-200 libnl-route-3-200 libnm0 libnova-0.16-0 libnsl2
  libnuma1 libobrender32v5 libobt2v5 libogg0 libopenjp2-7 libpam-systemd
  libpango-1.0-0 libpangocairo-1.0-0 libpangoft2-1.0-0 libpangoxft-1.0-0
  libpaper1 libparted-fs-resize0 libparted2 libpciaccess0 libpcsclite1
  libpixman-1-0 libplist3 libpng16-16 libpolkit-agent-1-0
  libpolkit-gobject-1-0 libproxy1v5 libpsl5 libpython3-stdlib
  libpython3.11-minimal libpython3.11-stdlib librav1e0 librsvg2-2 librtmp1
  libsasl2-2 libsasl2-modules-db libsecret-1-0 libsecret-common
  libsensors-config libsensors5 libsm6 libsmbclient libsoup-3.0-0
  libsoup-3.0-common libsoup2.4-1 libsoup2.4-common libspectre1 libsqlite3-0
  libssh2-1 libstartup-notification0 libsvtav1enc1 libtalloc2 libtdb1
  libteamdctl0 libtevent0 libthai-data libthai0 libtheora0 libtiff6
  libudfread0 libudisks2-0 libunwind8 libusb-1.0-0 libusbmuxd6 libwacom-common
  libwacom9 libwayland-client0 libwayland-server0 libwbclient0 libwebp7
  libwebpdemux2 libx11-6 libx11-data libx11-xcb1 libx265-199 libxatracker2
  libxau6 libxaw7 libxcb-dri2-0 libxcb-dri3-0 libxcb-glx0 libxcb-present0
  libxcb-randr0 libxcb-render0 libxcb-shm0 libxcb-sync1 libxcb-util1
  libxcb-xfixes0 libxcb1 libxcomposite1 libxcursor1 libxcvt0 libxdamage1
  libxdmcp6 libxext6 libxfixes3 libxfont2 libxft2 libxi6 libxinerama1
  libxkbfile1 libxml2 libxmu6 libxmuu1 libxpm4 libxrandr2 libxrender1
  libxshmfence1 libxt6 libxxf86vm1 libyuv0 libz3-4 linux-base
  linux-image-6.1.0-52-amd64 linux-image-amd64 live-boot
  live-boot-initramfs-tools live-config live-config-systemd locales lsof
  lxmenu-data media-types network-manager openbox openssl parted pcmanfm
  polkitd poppler-data psmisc python3 python3-minimal python3.11
  python3.11-minimal samba-libs sgml-base shared-mime-info sudo ucf udisks2
  wpasupplicant x11-common x11-xkb-utils x11-xserver-utils xauth xdg-user-dirs
  xfonts-encodings xfonts-utils xinit xkb-data xml-core xserver-common
  xserver-xorg xserver-xorg-core xserver-xorg-input-all
  xserver-xorg-input-libinput xserver-xorg-video-all xserver-xorg-video-amdgpu
  xserver-xorg-video-ati xserver-xorg-video-fbdev xserver-xorg-video-nouveau
  xserver-xorg-video-radeon xserver-xorg-video-vesa xserver-xorg-video-vmware
0 upgraded, 340 newly installed, 0 to remove and 0 not upgraded.
Need to get 300 MB of archives.
After this operation, 1280 MB of additional disk space will be used.
Get:1 http://security.debian.org/debian-security bookworm-security/main amd64 libnfs13 amd64 4.0.0-1+deb12u1 [98.5 kB]
Get:2 http://deb.debian.org/debian bookworm/main amd64 libdbus-1-3 amd64 1.14.10-1~deb12u1 [201 kB]
Get:3 http://security.debian.org/debian-security bookworm-security/main amd64 libxfont2 amd64 1:2.0.6-1+deb12u1 [132 kB]
Get:4 http://deb.debian.org/debian bookworm/main amd64 dbus-bin amd64 1.14.10-1~deb12u1 [105 kB]
Get:5 http://deb.debian.org/debian bookworm/main amd64 dbus-session-bus-common all 1.14.10-1~deb12u1 [78.2 kB]
Get:6 http://security.debian.org/debian-security bookworm-security/main amd64 linux-image-6.1.0-52-amd64 amd64 6.1.180-1 [70.3 MB]
Get:7 http://deb.debian.org/debian bookworm/main amd64 libexpat1 amd64 2.5.0-1+deb12u2 [99.9 kB]
Get:8 http://deb.debian.org/debian bookworm/main amd64 dbus-daemon amd64 1.14.10-1~deb12u1 [184 kB]
Get:9 http://deb.debian.org/debian bookworm/main amd64 dbus-system-bus-common all 1.14.10-1~deb12u1 [79.3 kB]
Get:10 http://deb.debian.org/debian bookworm/main amd64 dbus amd64 1.14.10-1~deb12u1 [97.4 kB]
Get:11 http://deb.debian.org/debian bookworm/main amd64 xkb-data all 2.35.1-1 [764 kB]
Get:12 http://deb.debian.org/debian bookworm/main amd64 keyboard-configuration all 1.221 [416 kB]
Get:13 http://deb.debian.org/debian bookworm/main amd64 poppler-data all 0.4.12-1 [1601 kB]
Get:14 http://deb.debian.org/debian bookworm/main amd64 libpython3.11-minimal amd64 3.11.2-6+deb12u8 [818 kB]
Get:15 http://deb.debian.org/debian bookworm/main amd64 python3.11-minimal amd64 3.11.2-6+deb12u8 [2065 kB]
Get:16 http://deb.debian.org/debian bookworm/main amd64 python3-minimal amd64 3.11.2-1+b1 [26.3 kB]
Get:17 http://deb.debian.org/debian bookworm/main amd64 media-types all 10.0.0 [26.1 kB]
Get:18 http://deb.debian.org/debian bookworm/main amd64 libnsl2 amd64 1.3.0-2 [39.5 kB]
Get:19 http://deb.debian.org/debian bookworm/main amd64 libsqlite3-0 amd64 3.40.1-2+deb12u2 [839 kB]
Get:20 http://deb.debian.org/debian bookworm/main amd64 libpython3.11-stdlib amd64 3.11.2-6+deb12u8 [1799 kB]
Get:21 http://deb.debian.org/debian bookworm/main amd64 python3.11 amd64 3.11.2-6+deb12u8 [574 kB]
Get:22 http://deb.debian.org/debian bookworm/main amd64 libpython3-stdlib amd64 3.11.2-1+b1 [9312 B]
Get:23 http://deb.debian.org/debian bookworm/main amd64 python3 amd64 3.11.2-1+b1 [26.3 kB]
Get:24 http://deb.debian.org/debian bookworm/main amd64 sgml-base all 1.31 [15.4 kB]
Get:25 http://deb.debian.org/debian bookworm/main amd64 sudo amd64 1.9.13p3-1+deb12u4 [1890 kB]
Get:26 http://deb.debian.org/debian bookworm/main amd64 openssl amd64 3.0.20-1~deb12u2 [1439 kB]
Get:27 http://deb.debian.org/debian bookworm/main amd64 ca-certificates all 20230311+deb12u1 [155 kB]
Get:28 http://deb.debian.org/debian bookworm/main amd64 iucode-tool amd64 2.3.1-3 [56.1 kB]
Get:29 http://deb.debian.org/debian bookworm/non-free-firmware amd64 intel-microcode amd64 3.20251111.1~deb12u1 [12.8 MB]
Get:30 http://deb.debian.org/debian bookworm/main amd64 libc-l10n all 2.36-9+deb12u14 [676 kB]
Get:31 http://deb.debian.org/debian bookworm/main amd64 libpam-systemd amd64 252.39-1~deb12u2 [226 kB]
Get:32 http://deb.debian.org/debian bookworm/main amd64 locales all 2.36-9+deb12u14 [3906 kB]
Get:33 http://deb.debian.org/debian bookworm/main amd64 lsof amd64 4.95.0-1 [318 kB]
Get:34 http://deb.debian.org/debian bookworm/main amd64 ucf all 3.0043+nmu1+deb12u1 [55.3 kB]
Get:35 http://deb.debian.org/debian bookworm/main amd64 hicolor-icon-theme all 0.17-2 [11.4 kB]
Get:36 http://deb.debian.org/debian bookworm/main amd64 libgdk-pixbuf2.0-common all 2.42.10+dfsg-1+deb12u4 [307 kB]
Get:37 http://deb.debian.org/debian bookworm/main amd64 libglib2.0-0 amd64 2.74.6-2+deb12u9 [1403 kB]
Get:38 http://deb.debian.org/debian bookworm/main amd64 libicu72 amd64 72.1-3+deb12u1 [9376 kB]
Get:39 http://deb.debian.org/debian bookworm/main amd64 libxml2 amd64 2.9.14+dfsg-1.3~deb12u6 [689 kB]
Get:40 http://deb.debian.org/debian bookworm/main amd64 shared-mime-info amd64 2.2-1 [729 kB]
Get:41 http://deb.debian.org/debian bookworm/main amd64 libjpeg62-turbo amd64 1:2.1.5-2 [166 kB]
Get:42 http://deb.debian.org/debian bookworm/main amd64 libpng16-16 amd64 1.6.39-2+deb12u5 [277 kB]
Get:43 http://deb.debian.org/debian bookworm/main amd64 libdeflate0 amd64 1.14-1 [61.4 kB]
Get:44 http://deb.debian.org/debian bookworm/main amd64 libjbig0 amd64 2.1-6.1 [31.7 kB]
Get:45 http://deb.debian.org/debian bookworm/main amd64 liblerc4 amd64 4.0.0+ds-2 [170 kB]
Get:46 http://deb.debian.org/debian bookworm/main amd64 libwebp7 amd64 1.2.4-0.2+deb12u1 [286 kB]
Get:47 http://deb.debian.org/debian bookworm/main amd64 libtiff6 amd64 4.5.0-6+deb12u4 [316 kB]
Get:48 http://deb.debian.org/debian bookworm/main amd64 libgdk-pixbuf-2.0-0 amd64 2.42.10+dfsg-1+deb12u4 [139 kB]
Get:49 http://deb.debian.org/debian bookworm/main amd64 gtk-update-icon-cache amd64 3.24.38-2~deb12u3 [44.2 kB]
Get:50 http://security.debian.org/debian-security bookworm-security/main amd64 linux-image-amd64 amd64 6.1.180-1 [1472 B]
Get:51 http://deb.debian.org/debian bookworm/main amd64 adwaita-icon-theme all 43-1 [5124 kB]
Get:52 http://deb.debian.org/debian bookworm/main amd64 at-spi2-common all 2.46.0-5 [162 kB]
Get:53 http://deb.debian.org/debian bookworm/main amd64 busybox amd64 1:1.35.0-4+deb12u1+b1 [452 kB]
Get:54 http://deb.debian.org/debian bookworm/main amd64 libisl23 amd64 0.25-1.1 [683 kB]
Get:55 http://deb.debian.org/debian bookworm/main amd64 libmpfr6 amd64 4.2.0-1 [701 kB]
Get:56 http://deb.debian.org/debian bookworm/main amd64 libmpc3 amd64 1.3.1-1 [51.5 kB]
Get:57 http://deb.debian.org/debian bookworm/main amd64 cpp-12 amd64 12.2.0-14+deb12u1 [9768 kB]
Get:58 http://deb.debian.org/debian bookworm/main amd64 cpp amd64 4:12.2.0-3 [6836 B]
Get:59 http://deb.debian.org/debian bookworm/main amd64 libxau6 amd64 1:1.0.9-1 [19.7 kB]
Get:60 http://deb.debian.org/debian bookworm/main amd64 libxdmcp6 amd64 1:1.1.2-3 [26.3 kB]
Get:61 http://deb.debian.org/debian bookworm/main amd64 libxcb1 amd64 1.15-1 [144 kB]
Get:62 http://deb.debian.org/debian bookworm/main amd64 libx11-data all 2:1.8.4-2+deb12u2 [292 kB]
Get:63 http://deb.debian.org/debian bookworm/main amd64 libx11-6 amd64 2:1.8.4-2+deb12u2 [760 kB]
Get:64 http://deb.debian.org/debian bookworm/main amd64 dbus-x11 amd64 1.14.10-1~deb12u1 [91.0 kB]
Get:65 http://deb.debian.org/debian bookworm/main amd64 libdconf1 amd64 0.40.0-4 [40.9 kB]
Get:66 http://deb.debian.org/debian bookworm/main amd64 dconf-service amd64 0.40.0-4 [31.6 kB]
Get:67 http://deb.debian.org/debian bookworm/main amd64 dconf-gsettings-backend amd64 0.40.0-4 [27.8 kB]
Get:68 http://deb.debian.org/debian bookworm/main amd64 desktop-file-utils amd64 0.26-1 [91.2 kB]
Get:69 http://deb.debian.org/debian bookworm/non-free-firmware amd64 firmware-amd-graphics all 20230210-5 [11.9 MB]
Get:70 http://deb.debian.org/debian bookworm/main amd64 firmware-linux-free all 20200122-1 [24.2 kB]
Get:71 http://deb.debian.org/debian bookworm/non-free-firmware amd64 firmware-misc-nonfree all 20230210-5 [13.0 MB]
Get:72 http://deb.debian.org/debian bookworm/non-free-firmware amd64 firmware-linux-nonfree all 20230210-5 [49.5 kB]
Get:73 http://deb.debian.org/debian bookworm/non-free-firmware amd64 firmware-linux all 20230210-5 [49.7 kB]
Get:74 http://deb.debian.org/debian bookworm/main amd64 libbrotli1 amd64 1.0.9-2+b6 [275 kB]
Get:75 http://deb.debian.org/debian bookworm/main amd64 libfreetype6 amd64 2.12.1+dfsg-5+deb12u4 [398 kB]
Get:76 http://deb.debian.org/debian bookworm/main amd64 fonts-dejavu-core all 2.37-6 [1068 kB]
Get:77 http://deb.debian.org/debian bookworm/main amd64 fonts-liberation all 1:1.07.4-11 [828 kB]
Get:78 http://deb.debian.org/debian bookworm/main amd64 libfontenc1 amd64 1:1.1.4-1 [24.3 kB]
Get:79 http://deb.debian.org/debian bookworm/main amd64 x11-common all 1:7.7+23 [252 kB]
Get:80 http://deb.debian.org/debian bookworm/main amd64 xfonts-encodings all 1:1.0.4-2.2 [577 kB]
Get:81 http://deb.debian.org/debian bookworm/main amd64 xfonts-utils amd64 1:7.7+6 [93.0 kB]
Get:82 http://deb.debian.org/debian bookworm/main amd64 fonts-urw-base35 all 20200910-7 [10.8 MB]
Get:83 http://deb.debian.org/debian bookworm/main amd64 fontconfig-config amd64 2.14.1-4 [315 kB]
Get:84 http://deb.debian.org/debian bookworm/main amd64 libfontconfig1 amd64 2.14.1-4 [386 kB]
Get:85 http://deb.debian.org/debian bookworm/main amd64 fontconfig amd64 2.14.1-4 [449 kB]
Get:86 http://deb.debian.org/debian bookworm/main amd64 fonts-noto-color-emoji all 2.042-0+deb12u1 [9894 kB]
Get:87 http://deb.debian.org/debian bookworm/main amd64 fonts-noto-core all 20201225-1 [12.2 MB]
Get:88 http://deb.debian.org/debian bookworm/main amd64 gdisk amd64 1.0.9-2.1 [221 kB]
Get:89 http://deb.debian.org/debian bookworm/main amd64 libproxy1v5 amd64 0.4.18-1.2 [56.2 kB]
Get:90 http://deb.debian.org/debian bookworm/main amd64 glib-networking-common all 2.74.0-4 [80.3 kB]
Get:91 http://deb.debian.org/debian bookworm/main amd64 glib-networking-services amd64 2.74.0-4 [12.0 kB]
Get:92 http://deb.debian.org/debian bookworm/main amd64 gsettings-desktop-schemas all 43.0-1 [643 kB]
Get:93 http://deb.debian.org/debian bookworm/main amd64 glib-networking amd64 2.74.0-4 [68.4 kB]
Get:94 http://deb.debian.org/debian bookworm/main amd64 gvfs-common all 1.50.3-1+deb12u1 [480 kB]
Get:95 http://deb.debian.org/debian bookworm/main amd64 libgck-1-0 amd64 3.41.1-1+b1 [75.0 kB]
Get:96 http://deb.debian.org/debian bookworm/main amd64 libgcr-base-3-1 amd64 3.41.1-1+b1 [196 kB]
Get:97 http://deb.debian.org/debian bookworm/main amd64 libsecret-common all 0.20.5-3 [28.5 kB]
Get:98 http://deb.debian.org/debian bookworm/main amd64 libsecret-1-0 amd64 0.20.5-3 [115 kB]
Get:99 http://deb.debian.org/debian bookworm/main amd64 gvfs-libs amd64 1.50.3-1+deb12u1 [103 kB]
Get:100 http://deb.debian.org/debian bookworm/main amd64 libblockdev-part-err2 amd64 2.28-2+deb12u1 [5724 B]
Get:101 http://deb.debian.org/debian bookworm/main amd64 libblockdev-utils2 amd64 2.28-2+deb12u1 [15.3 kB]
Get:102 http://deb.debian.org/debian bookworm/main amd64 libparted2 amd64 3.5-3 [294 kB]
Get:103 http://deb.debian.org/debian bookworm/main amd64 libparted-fs-resize0 amd64 3.5-3 [38.2 kB]
Get:104 http://deb.debian.org/debian bookworm/main amd64 libblockdev-fs2 amd64 2.28-2+deb12u1 [22.8 kB]
Get:105 http://deb.debian.org/debian bookworm/main amd64 libblockdev-loop2 amd64 2.28-2+deb12u1 [8416 B]
Get:106 http://deb.debian.org/debian bookworm/main amd64 libblockdev-part2 amd64 2.28-2+deb12u1 [17.6 kB]
Get:107 http://deb.debian.org/debian bookworm/main amd64 libblockdev-swap2 amd64 2.28-2+deb12u1 [10.3 kB]
Get:108 http://deb.debian.org/debian bookworm/main amd64 parted amd64 3.5-3 [39.1 kB]
Get:109 http://deb.debian.org/debian bookworm/main amd64 libatasmart4 amd64 0.19-5 [23.8 kB]
Get:110 http://deb.debian.org/debian bookworm/main amd64 libblockdev2 amd64 2.28-2+deb12u1 [38.8 kB]
Get:111 http://deb.debian.org/debian bookworm/main amd64 libgudev-1.0-0 amd64 237-2 [15.1 kB]
Get:112 http://deb.debian.org/debian bookworm/main amd64 libpolkit-gobject-1-0 amd64 122-3 [43.9 kB]
Get:113 http://deb.debian.org/debian bookworm/main amd64 libpolkit-agent-1-0 amd64 122-3 [24.4 kB]
Get:114 http://deb.debian.org/debian bookworm/main amd64 libudisks2-0 amd64 2.9.4-4+deb12u2 [146 kB]
Get:115 http://deb.debian.org/debian bookworm/main amd64 udisks2 amd64 2.9.4-4+deb12u2 [402 kB]
Get:116 http://deb.debian.org/debian bookworm/main amd64 libudfread0 amd64 1.1.2-1 [16.5 kB]
Get:117 http://deb.debian.org/debian bookworm/main amd64 libbluray2 amd64 1:1.3.4-1 [138 kB]
Get:118 http://deb.debian.org/debian bookworm/main amd64 gvfs-daemons amd64 1.50.3-1+deb12u1 [125 kB]
Get:119 http://deb.debian.org/debian bookworm/main amd64 gvfs amd64 1.50.3-1+deb12u1 [123 kB]
Get:120 http://deb.debian.org/debian bookworm/main amd64 psmisc amd64 23.6-1 [259 kB]
Get:121 http://deb.debian.org/debian bookworm/main amd64 libarchive13 amd64 3.6.2-1+deb12u4 [345 kB]
Get:122 http://deb.debian.org/debian bookworm/main amd64 libavahi-common-data amd64 0.8-10+deb12u1 [107 kB]
Get:123 http://deb.debian.org/debian bookworm/main amd64 libavahi-common3 amd64 0.8-10+deb12u1 [42.1 kB]
Get:124 http://deb.debian.org/debian bookworm/main amd64 libavahi-client3 amd64 0.8-10+deb12u1 [45.8 kB]
Get:125 http://deb.debian.org/debian bookworm/main amd64 libavahi-glib1 amd64 0.8-10+deb12u1 [27.8 kB]
Get:126 http://deb.debian.org/debian bookworm/main amd64 libcdio19 amd64 2.1.0-4 [203 kB]
Get:127 http://deb.debian.org/debian bookworm/main amd64 libcdio-cdda2 amd64 10.2+2.0.1-1 [20.9 kB]
Get:128 http://deb.debian.org/debian bookworm/main amd64 libcdio-paranoia2 amd64 10.2+2.0.1-1 [20.4 kB]
Get:129 http://deb.debian.org/debian bookworm/main amd64 libgoa-1.0-common all 3.46.0-1 [178 kB]
Get:130 http://deb.debian.org/debian bookworm/main amd64 libgoa-1.0-0b amd64 3.46.0-1 [71.4 kB]
Get:131 http://deb.debian.org/debian bookworm/main amd64 libjson-glib-1.0-common all 1.6.6-1 [57.1 kB]
Get:132 http://deb.debian.org/debian bookworm/main amd64 libjson-glib-1.0-0 amd64 1.6.6-1 [65.6 kB]
Get:133 http://deb.debian.org/debian bookworm/main amd64 libsoup2.4-common all 2.74.3-1+deb12u1 [56.2 kB]
Get:134 http://deb.debian.org/debian bookworm/main amd64 libpsl5 amd64 0.21.2-1 [58.7 kB]
Get:135 http://deb.debian.org/debian bookworm/main amd64 libsoup2.4-1 amd64 2.74.3-1+deb12u1 [269 kB]
Get:136 http://deb.debian.org/debian bookworm/main amd64 libgdata-common all 0.18.1-2 [110 kB]
Get:137 http://deb.debian.org/debian bookworm/main amd64 libgdata22 amd64 0.18.1-2 [278 kB]
Get:138 http://deb.debian.org/debian bookworm/main amd64 libsasl2-modules-db amd64 2.1.28+dfsg-10 [20.3 kB]
Get:139 http://deb.debian.org/debian bookworm/main amd64 libsasl2-2 amd64 2.1.28+dfsg-10 [59.7 kB]
Get:140 http://deb.debian.org/debian bookworm/main amd64 libldap-2.5-0 amd64 2.5.13+dfsg-5 [183 kB]
Get:141 http://deb.debian.org/debian bookworm/main amd64 libnghttp2-14 amd64 1.52.0-1+deb12u3 [72.4 kB]
Get:142 http://deb.debian.org/debian bookworm/main amd64 librtmp1 amd64 2.4+20151223.gitfa8646d.1-2+b2 [60.8 kB]
Get:143 http://deb.debian.org/debian bookworm/main amd64 libssh2-1 amd64 1.10.0-3+b1 [179 kB]
Get:144 http://deb.debian.org/debian bookworm/main amd64 libcurl4 amd64 7.88.1-10+deb12u15 [392 kB]
Get:145 http://deb.debian.org/debian bookworm/main amd64 libexif12 amd64 0.6.24-1+deb12u1 [397 kB]
Get:146 http://deb.debian.org/debian bookworm/main amd64 libaom3 amd64 3.6.0-1+deb12u2 [1850 kB]
Get:147 http://deb.debian.org/debian bookworm/main amd64 libdav1d6 amd64 1.0.0-2+deb12u1 [513 kB]
Get:148 http://deb.debian.org/debian bookworm/main amd64 libabsl20220623 amd64 20220623.1-1+deb12u2 [391 kB]
Get:149 http://deb.debian.org/debian bookworm/main amd64 libgav1-1 amd64 0.18.0-1+b1 [332 kB]
Get:150 http://deb.debian.org/debian bookworm/main amd64 librav1e0 amd64 0.5.1-6 [763 kB]
Get:151 http://deb.debian.org/debian bookworm/main amd64 libsvtav1enc1 amd64 1.4.1+dfsg-1 [2121 kB]
Get:152 http://deb.debian.org/debian bookworm/main amd64 libyuv0 amd64 0.0~git20230123.b2528b0-1 [168 kB]
Get:153 http://deb.debian.org/debian bookworm/main amd64 libavif15 amd64 0.11.1-1+deb12u1 [94.4 kB]
Get:154 http://deb.debian.org/debian bookworm/main amd64 libde265-0 amd64 1.0.11-1+deb12u2 [185 kB]
Get:155 http://deb.debian.org/debian bookworm/main amd64 libnuma1 amd64 2.0.16-1 [21.0 kB]
Get:156 http://deb.debian.org/debian bookworm/main amd64 libx265-199 amd64 3.5-2+b1 [1150 kB]
Get:157 http://deb.debian.org/debian bookworm/main amd64 libheif1 amd64 1.15.1-1+deb12u1 [215 kB]
Get:158 http://deb.debian.org/debian bookworm/main amd64 libxpm4 amd64 1:3.5.12-1.1+deb12u1 [48.6 kB]
Get:159 http://deb.debian.org/debian bookworm/main amd64 libgd3 amd64 2.3.3-9 [124 kB]
Get:160 http://deb.debian.org/debian bookworm/main amd64 libltdl7 amd64 2.4.7-7~deb12u1 [393 kB]
Get:161 http://deb.debian.org/debian bookworm/main amd64 libusb-1.0-0 amd64 2:1.0.26-1 [62.6 kB]
Get:162 http://deb.debian.org/debian bookworm/main amd64 libgphoto2-port12 amd64 2.5.30-1 [135 kB]
Get:163 http://deb.debian.org/debian bookworm/main amd64 libgphoto2-6 amd64 2.5.30-1 [751 kB]
Get:164 http://deb.debian.org/debian bookworm/main amd64 libplist3 amd64 2.2.0-6+b2 [33.2 kB]
Get:165 http://deb.debian.org/debian bookworm/main amd64 libusbmuxd6 amd64 2.0.2-3 [20.6 kB]
Get:166 http://deb.debian.org/debian bookworm/main amd64 libimobiledevice6 amd64 1.3.0-6+b3 [71.7 kB]
Get:167 http://deb.debian.org/debian bookworm/main amd64 libmtp-common all 1.1.20-1 [58.6 kB]
Get:168 http://deb.debian.org/debian bookworm/main amd64 libmtp9 amd64 1.1.20-1 [214 kB]
Get:169 http://deb.debian.org/debian bookworm/main amd64 liblmdb0 amd64 0.9.24-1 [45.0 kB]
Get:170 http://deb.debian.org/debian bookworm/main amd64 libtalloc2 amd64 2.4.0-f2 [25.6 kB]
Get:171 http://deb.debian.org/debian bookworm/main amd64 libtdb1 amd64 1.4.8-2 [44.5 kB]
Get:172 http://deb.debian.org/debian bookworm/main amd64 libtevent0 amd64 0.14.1-1 [37.9 kB]
Get:173 http://deb.debian.org/debian bookworm/main amd64 libldb2 amd64 2:2.6.2+samba4.17.12+dfsg-0+deb12u4 [163 kB]
Get:174 http://deb.debian.org/debian bookworm/main amd64 libwbclient0 amd64 2:4.17.12+dfsg-0+deb12u4 [54.7 kB]
Get:175 http://deb.debian.org/debian bookworm/main amd64 samba-libs amd64 2:4.17.12+dfsg-0+deb12u4 [5654 kB]
Get:176 http://deb.debian.org/debian bookworm/main amd64 libsmbclient amd64 2:4.17.12+dfsg-0+deb12u4 [83.6 kB]
Get:177 http://deb.debian.org/debian bookworm/main amd64 libsoup-3.0-common all 3.2.3-0+deb12u2 [62.5 kB]
Get:178 http://deb.debian.org/debian bookworm/main amd64 libsoup-3.0-0 amd64 3.2.3-0+deb12u2 [272 kB]
Get:179 http://deb.debian.org/debian bookworm/main amd64 gvfs-backends amd64 1.50.3-1+deb12u1 [365 kB]
Get:180 http://deb.debian.org/debian bookworm/main amd64 libindi-data all 1.9.9+dfsg-2 [46.2 kB]
Get:181 http://deb.debian.org/debian bookworm/main amd64 libcurl3-gnutls amd64 7.88.1-10+deb12u15 [386 kB]
Get:182 http://deb.debian.org/debian bookworm/main amd64 libcfitsio10 amd64 4.2.0-3 [563 kB]
Get:183 http://deb.debian.org/debian bookworm/main amd64 libgomp1 amd64 12.2.0-14+deb12u1 [116 kB]
Get:184 http://deb.debian.org/debian bookworm/main amd64 libfftw3-double3 amd64 3.3.10-1 [776 kB]
Get:185 http://deb.debian.org/debian bookworm/main amd64 libnova-0.16-0 amd64 0.16-5 [841 kB]
Get:186 http://deb.debian.org/debian bookworm/main amd64 libogg0 amd64 1.3.5-3 [23.4 kB]
Get:187 http://deb.debian.org/debian bookworm/main amd64 libpixman-1-0 amd64 0.42.2-1 [546 kB]
Get:188 http://deb.debian.org/debian bookworm/main amd64 libxcb-render0 amd64 1.15-1 [115 kB]
Get:189 http://deb.debian.org/debian bookworm/main amd64 libxcb-shm0 amd64 1.15-1 [105 kB]
Get:190 http://deb.debian.org/debian bookworm/main amd64 libxext6 amd64 2:1.3.4-1+b1 [52.9 kB]
Get:191 http://deb.debian.org/debian bookworm/main amd64 libxrender1 amd64 1:0.9.10-1.1 [33.2 kB]
Get:192 http://deb.debian.org/debian bookworm/main amd64 libcairo2 amd64 1.16.0-7 [575 kB]
Get:193 http://deb.debian.org/debian bookworm/main amd64 libtheora0 amd64 1.1.1+dfsg.1-16.1+deb12u1 [154 kB]
Get:194 http://deb.debian.org/debian bookworm/main amd64 libindidriver1 amd64 1.9.9+dfsg-2+b1 [474 kB]
Get:195 http://deb.debian.org/debian bookworm/main amd64 indi-dsi amd64 0.4+20221223123028-1 [55.2 kB]
Get:196 http://deb.debian.org/debian bookworm/main amd64 libklibc amd64 2.0.12-1 [44.2 kB]
Get:197 http://deb.debian.org/debian bookworm/main amd64 klibc-utils amd64 2.0.12-1 [94.9 kB]
Get:198 http://deb.debian.org/debian bookworm/main amd64 initramfs-tools-core all 0.142+deb12u3 [48.3 kB]
Get:199 http://deb.debian.org/debian bookworm/main amd64 linux-base all 4.12.1~deb12u1 [25.6 kB]
Get:200 http://deb.debian.org/debian bookworm/main amd64 initramfs-tools all 0.142+deb12u3 [16.0 kB]
Get:201 http://deb.debian.org/debian bookworm/main amd64 libatk1.0-0 amd64 2.46.0-5 [49.6 kB]
Get:202 http://deb.debian.org/debian bookworm/main amd64 libbluetooth3 amd64 5.66-1+deb12u2 [107 kB]
Get:203 http://deb.debian.org/debian bookworm/main amd64 libcairo-gobject2 amd64 1.16.0-7 [112 kB]
Get:204 http://deb.debian.org/debian bookworm/main amd64 libcups2 amd64 2.4.2-3+deb12u9 [245 kB]
Get:205 http://deb.debian.org/debian bookworm/main amd64 libdatrie1 amd64 0.2.13-2+b1 [43.3 kB]
Get:206 http://deb.debian.org/debian bookworm/main amd64 libdbus-glib-1-2 amd64 0.112-3 [58.8 kB]
Get:207 http://deb.debian.org/debian bookworm/main amd64 libdrm-common all 2.4.114-1 [7112 B]
Get:208 http://deb.debian.org/debian bookworm/main amd64 libdrm2 amd64 2.4.114-1+b1 [37.5 kB]
Get:209 http://deb.debian.org/debian bookworm/main amd64 libdrm-amdgpu1 amd64 2.4.114-1+b1 [20.9 kB]
Get:210 http://deb.debian.org/debian bookworm/main amd64 libpciaccess0 amd64 0.17-2 [51.4 kB]
Get:211 http://deb.debian.org/debian bookworm/main amd64 libdrm-intel1 amd64 2.4.114-1+b1 [64.0 kB]
Get:212 http://deb.debian.org/debian bookworm/main amd64 libdrm-nouveau2 amd64 2.4.114-1+b1 [19.1 kB]
Get:213 http://deb.debian.org/debian bookworm/main amd64 libdrm-radeon1 amd64 2.4.114-1+b1 [21.8 kB]
Get:214 http://deb.debian.org/debian bookworm/main amd64 libduktape207 amd64 2.7.0-2 [134 kB]
Get:215 http://deb.debian.org/debian bookworm/main amd64 libwayland-server0 amd64 1.21.0-1 [35.9 kB]
Get:216 http://deb.debian.org/debian bookworm/main amd64 libgbm1 amd64 22.3.6-1+deb12u2 [38.1 kB]
Get:217 http://deb.debian.org/debian bookworm/main amd64 libglapi-mesa amd64 22.3.6-1+deb12u2 [35.9 kB]
Get:218 http://deb.debian.org/debian bookworm/main amd64 libwayland-client0 amd64 1.21.0-1 [28.3 kB]
Get:219 http://deb.debian.org/debian bookworm/main amd64 libx11-xcb1 amd64 2:1.8.4-2+deb12u2 [192 kB]
Get:220 http://deb.debian.org/debian bookworm/main amd64 libxcb-dri2-0 amd64 1.15-1 [107 kB]
Get:221 http://deb.debian.org/debian bookworm/main amd64 libxcb-dri3-0 amd64 1.15-1 [107 kB]
Get:222 http://deb.debian.org/debian bookworm/main amd64 libxcb-present0 amd64 1.15-1 [105 kB]
Get:223 http://deb.debian.org/debian bookworm/main amd64 libxcb-randr0 amd64 1.15-1 [117 kB]
Get:224 http://deb.debian.org/debian bookworm/main amd64 libxcb-sync1 amd64 1.15-1 [109 kB]
Get:225 http://deb.debian.org/debian bookworm/main amd64 libxcb-xfixes0 amd64 1.15-1 [109 kB]
Get:226 http://deb.debian.org/debian bookworm/main amd64 libxshmfence1 amd64 1.3-1 [8820 B]
Get:227 http://deb.debian.org/debian bookworm/main amd64 libegl-mesa0 amd64 22.3.6-1+deb12u2 [114 kB]
Get:228 http://deb.debian.org/debian bookworm/main amd64 libepoxy0 amd64 1.5.10-1 [189 kB]
Get:229 http://deb.debian.org/debian bookworm/main amd64 libevdev2 amd64 1.13.0+dfsg-1 [34.0 kB]
Get:230 http://deb.debian.org/debian bookworm/main amd64 libfm-data all 1.3.2-1 [248 kB]
Get:231 http://deb.debian.org/debian bookworm/main amd64 libfm-extra4 amd64 1.3.2-1 [32.7 kB]
Get:232 http://deb.debian.org/debian bookworm/main amd64 libfm-gtk-data all 1.3.2-1 [35.6 kB]
Get:233 http://deb.debian.org/debian bookworm/main amd64 libmenu-cache-bin amd64 1.1.0-1.1 [34.5 kB]
Get:234 http://deb.debian.org/debian bookworm/main amd64 libmenu-cache3 amd64 1.1.0-1.1 [20.2 kB]
Get:235 http://deb.debian.org/debian bookworm/main amd64 lxmenu-data all 0.1.5-2.1 [48.2 kB]
Get:236 http://deb.debian.org/debian bookworm/main amd64 libfm4 amd64 1.3.2-1 [133 kB]
Get:237 http://deb.debian.org/debian bookworm/main amd64 libgtk2.0-common all 2.24.33-2+deb12u1 [2660 kB]
Get:238 http://deb.debian.org/debian bookworm/main amd64 libfribidi0 amd64 1.0.8-2.1 [65.0 kB]
Get:239 http://deb.debian.org/debian bookworm/main amd64 libgraphite2-3 amd64 1.3.14-1+deb12u1 [74.6 kB]
Get:240 http://deb.debian.org/debian bookworm/main amd64 libharfbuzz0b amd64 6.0.0+dfsg-3 [1945 kB]
Get:241 http://deb.debian.org/debian bookworm/main amd64 libthai-data all 0.1.29-1 [176 kB]
Get:242 http://deb.debian.org/debian bookworm/main amd64 libthai0 amd64 0.1.29-1 [57.5 kB]
Get:243 http://deb.debian.org/debian bookworm/main amd64 libpango-1.0-0 amd64 1.50.12+ds-1 [212 kB]
Get:244 http://deb.debian.org/debian bookworm/main amd64 libpangoft2-1.0-0 amd64 1.50.12+ds-1 [47.4 kB]
Get:245 http://deb.debian.org/debian bookworm/main amd64 libpangocairo-1.0-0 amd64 1.50.12+ds-1 [34.2 kB]
Get:246 http://deb.debian.org/debian bookworm/main amd64 libxcomposite1 amd64 1:0.4.5-1 [16.6 kB]
Get:247 http://deb.debian.org/debian bookworm/main amd64 libxfixes3 amd64 1:6.0.0-2 [22.7 kB]
Get:248 http://deb.debian.org/debian bookworm/main amd64 libxcursor1 amd64 1:1.2.1-1 [40.9 kB]
Get:249 http://deb.debian.org/debian bookworm/main amd64 libxdamage1 amd64 1:1.1.6-1 [15.1 kB]
Get:250 http://deb.debian.org/debian bookworm/main amd64 libxi6 amd64 2:1.8-1+b1 [84.2 kB]
Get:251 http://deb.debian.org/debian bookworm/main amd64 libxinerama1 amd64 2:1.1.4-3 [17.8 kB]
Get:252 http://deb.debian.org/debian bookworm/main amd64 libxrandr2 amd64 2:1.5.2-2+b1 [39.2 kB]
Get:253 http://deb.debian.org/debian bookworm/main amd64 libgtk2.0-0 amd64 2.24.33-2+deb12u1 [1811 kB]
Get:254 http://deb.debian.org/debian bookworm/main amd64 libfm-gtk4 amd64 1.3.2-1 [166 kB]
Get:255 http://deb.debian.org/debian bookworm/main amd64 libgif7 amd64 5.2.1-2.5+deb12u1 [43.0 kB]
Get:256 http://deb.debian.org/debian bookworm/main amd64 libglvnd0 amd64 1.6.0-1 [51.8 kB]
Get:257 http://deb.debian.org/debian bookworm/main amd64 libxcb-glx0 amd64 1.15-1 [122 kB]
Get:258 http://deb.debian.org/debian bookworm/main amd64 libxxf86vm1 amd64 1:1.1.4-1+b2 [20.8 kB]
Get:259 http://deb.debian.org/debian bookworm/main amd64 libz3-4 amd64 4.8.12-3.1 [7216 kB]
Get:260 http://deb.debian.org/debian bookworm/main amd64 libllvm15 amd64 1:15.0.6-4+b1 [23.1 MB]
Get:261 http://deb.debian.org/debian bookworm/main amd64 libsensors-config all 1:3.6.0-7.1 [14.3 kB]
Get:262 http://deb.debian.org/debian bookworm/main amd64 libsensors5 amd64 1:3.6.0-7.1 [34.2 kB]
Get:263 http://deb.debian.org/debian bookworm/main amd64 libgl1-mesa-dri amd64 22.3.6-1+deb12u2 [7240 kB]
Get:264 http://deb.debian.org/debian bookworm/main amd64 libglx-mesa0 amd64 22.3.6-1+deb12u2 [148 kB]
Get:265 http://deb.debian.org/debian bookworm/main amd64 libglx0 amd64 1.6.0-1 [34.4 kB]
Get:266 http://deb.debian.org/debian bookworm/main amd64 libgl1 amd64 1.6.0-1 [88.4 kB]
Get:267 http://deb.debian.org/debian bookworm/main amd64 libgs-common all 10.0.0~dfsg-11+deb12u8 [149 kB]
Get:268 http://deb.debian.org/debian bookworm/main amd64 libgs10-common all 10.0.0~dfsg-11+deb12u8 [587 kB]
Get:269 http://deb.debian.org/debian bookworm/main amd64 libidn12 amd64 1.41-1 [83.8 kB]
Get:270 http://deb.debian.org/debian bookworm/main amd64 libijs-0.35 amd64 0.35-15 [16.4 kB]
Get:271 http://deb.debian.org/debian bookworm/main amd64 libjbig2dec0 amd64 0.19-3 [67.2 kB]
Get:272 http://deb.debian.org/debian bookworm/main amd64 liblcms2-2 amd64 2.14-2+deb12u1 [154 kB]
Get:273 http://deb.debian.org/debian bookworm/main amd64 libopenjp2-7 amd64 2.5.0-2+deb12u3 [189 kB]
Get:274 http://deb.debian.org/debian bookworm/main amd64 libpaper1 amd64 1.1.29 [12.5 kB]
Get:275 http://deb.debian.org/debian bookworm/main amd64 libice6 amd64 2:1.0.10-1 [58.5 kB]
Get:276 http://deb.debian.org/debian bookworm/main amd64 libsm6 amd64 2:1.2.3-1 [35.1 kB]
Get:277 http://deb.debian.org/debian bookworm/main amd64 libxt6 amd64 1:1.2.1-1.1 [186 kB]
Get:278 http://deb.debian.org/debian bookworm/main amd64 libgs10 amd64 10.0.0~dfsg-11+deb12u8 [2467 kB]
Get:279 http://deb.debian.org/debian bookworm/main amd64 libhwy1 amd64 1.0.3-3+deb12u1 [348 kB]
Get:280 http://deb.debian.org/debian bookworm/main amd64 libid3tag0 amd64 0.15.1b-14 [35.4 kB]
Get:281 http://deb.debian.org/debian bookworm/main amd64 libjxl0.7 amd64 0.7.0-10+deb12u1 [1046 kB]
Get:282 http://deb.debian.org/debian bookworm/main amd64 librsvg2-2 amd64 2.54.7+dfsg-1~deb12u1 [2620 kB]
Get:283 http://deb.debian.org/debian bookworm/main amd64 libspectre1 amd64 0.2.12-1 [50.6 kB]
Get:284 http://deb.debian.org/debian bookworm/main amd64 libwebpdemux2 amd64 1.2.4-0.2+deb12u1 [99.4 kB]
Get:285 http://deb.debian.org/debian bookworm/main amd64 libimlib2 amd64 1.10.0-4+deb12u1 [206 kB]
Get:286 http://deb.debian.org/debian bookworm/main amd64 libwacom-common all 2.6.0-1 [58.4 kB]
Get:287 http://deb.debian.org/debian bookworm/main amd64 libwacom9 amd64 2.6.0-1 [21.5 kB]
Get:288 http://deb.debian.org/debian bookworm/main amd64 libinput-bin amd64 1.22.1-1+deb12u1 [23.6 kB]
Get:289 http://deb.debian.org/debian bookworm/main amd64 libmtdev1 amd64 1.1.6-1 [23.0 kB]
Get:290 http://deb.debian.org/debian bookworm/main amd64 libinput10 amd64 1.22.1-1+deb12u1 [125 kB]
Get:291 http://deb.debian.org/debian bookworm/main amd64 libmm-glib0 amd64 1.20.4-1 [237 kB]
Get:292 http://deb.debian.org/debian bookworm/main amd64 libndp0 amd64 1.8-1+deb12u1 [12.0 kB]
Get:293 http://deb.debian.org/debian bookworm/main amd64 libnl-3-200 amd64 3.7.0-0.2+b1 [63.1 kB]
Get:294 http://deb.debian.org/debian bookworm/main amd64 libnl-genl-3-200 amd64 3.7.0-0.2+b1 [21.6 kB]
Get:295 http://deb.debian.org/debian bookworm/main amd64 libnl-route-3-200 amd64 3.7.0-0.2+b1 [185 kB]
Get:296 http://deb.debian.org/debian bookworm/main amd64 libnm0 amd64 1.42.4-1+deb12u1 [436 kB]
Get:297 http://deb.debian.org/debian bookworm/main amd64 libobt2v5 amd64 3.6.1-10 [68.9 kB]
Get:298 http://deb.debian.org/debian bookworm/main amd64 libxft2 amd64 2.3.6-1 [61.8 kB]
Get:299 http://deb.debian.org/debian bookworm/main amd64 libpangoxft-1.0-0 amd64 1.50.12+ds-1 [26.7 kB]
Get:300 http://deb.debian.org/debian bookworm/main amd64 libobrender32v5 amd64 3.6.1-10 [78.9 kB]
Get:301 http://deb.debian.org/debian bookworm/main amd64 libpcsclite1 amd64 1.9.9-2 [49.7 kB]
Get:302 http://deb.debian.org/debian bookworm/main amd64 libxcb-util1 amd64 0.4.0-1+b1 [23.2 kB]
Get:303 http://deb.debian.org/debian bookworm/main amd64 libstartup-notification0 amd64 0.12-6+b1 [23.1 kB]
Get:304 http://deb.debian.org/debian bookworm/main amd64 libteamdctl0 amd64 1.31-1 [12.1 kB]
Get:305 http://deb.debian.org/debian bookworm/main amd64 libunwind8 amd64 1.6.2-3 [51.2 kB]
Get:306 http://deb.debian.org/debian bookworm/main amd64 libxatracker2 amd64 22.3.6-1+deb12u2 [1902 kB]
Get:307 http://deb.debian.org/debian bookworm/main amd64 libxmu6 amd64 2:1.1.3-3 [60.1 kB]
Get:308 http://deb.debian.org/debian bookworm/main amd64 libxaw7 amd64 2:1.0.14-1 [201 kB]
Get:309 http://deb.debian.org/debian bookworm/main amd64 libxcvt0 amd64 0.1.2-1 [5400 B]
Get:310 http://deb.debian.org/debian bookworm/main amd64 libxkbfile1 amd64 1:1.1.0-1 [75.2 kB]
Get:311 http://deb.debian.org/debian bookworm/main amd64 libxmuu1 amd64 2:1.1.3-3 [23.9 kB]
Get:312 http://deb.debian.org/debian bookworm/main amd64 live-boot-initramfs-tools all 1:20230131+deb12u1 [5908 B]
Get:313 http://deb.debian.org/debian bookworm/main amd64 live-boot all 1:20230131+deb12u1 [29.0 kB]
Get:314 http://deb.debian.org/debian bookworm/main amd64 live-config-systemd all 11.0.3+nmu1 [4932 B]
Get:315 http://deb.debian.org/debian bookworm/main amd64 live-config all 11.0.3+nmu1 [16.3 kB]
Get:316 http://deb.debian.org/debian bookworm/main amd64 xml-core all 0.18+nmu1 [23.8 kB]
Get:317 http://deb.debian.org/debian bookworm/main amd64 polkitd amd64 122-3 [112 kB]
Get:318 http://deb.debian.org/debian bookworm/main amd64 network-manager amd64 1.42.4-1+deb12u1 [3142 kB]
Get:319 http://deb.debian.org/debian bookworm/main amd64 openbox amd64 3.6.1-10 [316 kB]
Get:320 http://deb.debian.org/debian bookworm/main amd64 pcmanfm amd64 1.3.2-1 [292 kB]
Get:321 http://deb.debian.org/debian bookworm/main amd64 wpasupplicant amd64 2:2.10-12+deb12u3 [1419 kB]
Get:322 http://deb.debian.org/debian bookworm/main amd64 x11-xkb-utils amd64 7.7+7 [165 kB]
Get:323 http://deb.debian.org/debian bookworm/main amd64 x11-xserver-utils amd64 7.7+9+b1 [169 kB]
Get:324 http://deb.debian.org/debian bookworm/main amd64 xauth amd64 1:1.1.2-1 [36.0 kB]
Get:325 http://deb.debian.org/debian bookworm/main amd64 xdg-user-dirs amd64 0.18-1 [54.4 kB]
Get:326 http://deb.debian.org/debian bookworm/main amd64 xinit amd64 1.4.0-1 [50.2 kB]
Get:327 http://deb.debian.org/debian bookworm/main amd64 xserver-common all 2:21.1.7-3+deb12u12 [2384 kB]
Get:328 http://deb.debian.org/debian bookworm/main amd64 libegl1 amd64 1.6.0-1 [33.7 kB]
Get:329 http://deb.debian.org/debian bookworm/main amd64 xserver-xorg-core amd64 2:21.1.7-3+deb12u12 [3721 kB]
Get:330 http://deb.debian.org/debian bookworm/main amd64 xserver-xorg-video-amdgpu amd64 23.0.0-1 [136 kB]
Get:331 http://deb.debian.org/debian bookworm/main amd64 xserver-xorg-video-radeon amd64 1:19.1.0-3 [503 kB]
Get:332 http://deb.debian.org/debian bookworm/main amd64 xserver-xorg-video-ati amd64 1:19.1.0-3 [363 kB]
Get:333 http://deb.debian.org/debian bookworm/main amd64 xserver-xorg-video-fbdev amd64 1:0.5.0-2 [25.4 kB]
Get:334 http://deb.debian.org/debian bookworm/main amd64 xserver-xorg-video-nouveau amd64 1:1.0.17-2 [331 kB]
Get:335 http://deb.debian.org/debian bookworm/main amd64 xserver-xorg-video-vesa amd64 1:2.5.0-1+b1 [32.6 kB]
Get:336 http://deb.debian.org/debian bookworm/main amd64 xserver-xorg-video-vmware amd64 1:13.3.0-3.1+b1 [114 kB]
Get:337 http://deb.debian.org/debian bookworm/main amd64 xserver-xorg-video-all amd64 1:7.7+23 [38.7 kB]
Get:338 http://deb.debian.org/debian bookworm/main amd64 xserver-xorg-input-libinput amd64 1.2.1-1+b1 [64.6 kB]
Get:339 http://deb.debian.org/debian bookworm/main amd64 xserver-xorg-input-all amd64 1:7.7+23 [38.7 kB]
Get:340 http://deb.debian.org/debian bookworm/main amd64 xserver-xorg amd64 1:7.7+23 [94.2 kB]
Preconfiguring packages ...
cat: '/sys/bus/usb/devices/*:*/bInterfaceClass': No such file or directory
cat: '/sys/bus/usb/devices/*:*/bInterfaceSubClass': No such file or directory
cat: '/sys/bus/usb/devices/*:*/bInterfaceProtocol': No such file or directory
Fetched 300 MB in 1s (210 MB/s)
Selecting previously unselected package libdbus-1-3:amd64.
(Reading database ... (Reading database ... 5%(Reading database ... 10%(Reading database ... 15%(Reading database ... 20%(Reading database ... 25%(Reading database ... 30%(Reading database ... 35%(Reading database ... 40%(Reading database ... 45%(Reading database ... 50%(Reading database ... 55%(Reading database ... 60%(Reading database ... 65%(Reading database ... 70%(Reading database ... 75%(Reading database ... 80%(Reading database ... 85%(Reading database ... 90%(Reading database ... 95%(Reading database ... 100%(Reading database ... 8753 files and directories currently installed.)
Preparing to unpack .../00-libdbus-1-3_1.14.10-1~deb12u1_amd64.deb ...
Unpacking libdbus-1-3:amd64 (1.14.10-1~deb12u1) ...
Selecting previously unselected package dbus-bin.
Preparing to unpack .../01-dbus-bin_1.14.10-1~deb12u1_amd64.deb ...
Unpacking dbus-bin (1.14.10-1~deb12u1) ...
Selecting previously unselected package dbus-session-bus-common.
Preparing to unpack .../02-dbus-session-bus-common_1.14.10-1~deb12u1_all.deb ...
Unpacking dbus-session-bus-common (1.14.10-1~deb12u1) ...
Selecting previously unselected package libexpat1:amd64.
Preparing to unpack .../03-libexpat1_2.5.0-1+deb12u2_amd64.deb ...
Unpacking libexpat1:amd64 (2.5.0-1+deb12u2) ...
Selecting previously unselected package dbus-daemon.
Preparing to unpack .../04-dbus-daemon_1.14.10-1~deb12u1_amd64.deb ...
Unpacking dbus-daemon (1.14.10-1~deb12u1) ...
Selecting previously unselected package dbus-system-bus-common.
Preparing to unpack .../05-dbus-system-bus-common_1.14.10-1~deb12u1_all.deb ...
Unpacking dbus-system-bus-common (1.14.10-1~deb12u1) ...
Selecting previously unselected package dbus.
Preparing to unpack .../06-dbus_1.14.10-1~deb12u1_amd64.deb ...
Unpacking dbus (1.14.10-1~deb12u1) ...
Selecting previously unselected package xkb-data.
Preparing to unpack .../07-xkb-data_2.35.1-1_all.deb ...
Unpacking xkb-data (2.35.1-1) ...
Selecting previously unselected package keyboard-configuration.
Preparing to unpack .../08-keyboard-configuration_1.221_all.deb ...
Unpacking keyboard-configuration (1.221) ...
Selecting previously unselected package poppler-data.
Preparing to unpack .../09-poppler-data_0.4.12-1_all.deb ...
Unpacking poppler-data (0.4.12-1) ...
Selecting previously unselected package libpython3.11-minimal:amd64.
Preparing to unpack .../10-libpython3.11-minimal_3.11.2-6+deb12u8_amd64.deb ...
Unpacking libpython3.11-minimal:amd64 (3.11.2-6+deb12u8) ...
Selecting previously unselected package python3.11-minimal.
Preparing to unpack .../11-python3.11-minimal_3.11.2-6+deb12u8_amd64.deb ...
Unpacking python3.11-minimal (3.11.2-6+deb12u8) ...
Setting up libpython3.11-minimal:amd64 (3.11.2-6+deb12u8) ...
Setting up libexpat1:amd64 (2.5.0-1+deb12u2) ...
Setting up python3.11-minimal (3.11.2-6+deb12u8) ...
Selecting previously unselected package python3-minimal.
(Reading database ... (Reading database ... 5%(Reading database ... 10%(Reading database ... 15%(Reading database ... 20%(Reading database ... 25%(Reading database ... 30%(Reading database ... 35%(Reading database ... 40%(Reading database ... 45%(Reading database ... 50%(Reading database ... 55%(Reading database ... 60%(Reading database ... 65%(Reading database ... 70%(Reading database ... 75%(Reading database ... 80%(Reading database ... 85%(Reading database ... 90%(Reading database ... 95%(Reading database ... 100%(Reading database ... 10068 files and directories currently installed.)
Preparing to unpack .../0-python3-minimal_3.11.2-1+b1_amd64.deb ...
Unpacking python3-minimal (3.11.2-1+b1) ...
Selecting previously unselected package media-types.
Preparing to unpack .../1-media-types_10.0.0_all.deb ...
Unpacking media-types (10.0.0) ...
Selecting previously unselected package libnsl2:amd64.
Preparing to unpack .../2-libnsl2_1.3.0-2_amd64.deb ...
Unpacking libnsl2:amd64 (1.3.0-2) ...
Selecting previously unselected package libsqlite3-0:amd64.
Preparing to unpack .../3-libsqlite3-0_3.40.1-2+deb12u2_amd64.deb ...
Unpacking libsqlite3-0:amd64 (3.40.1-2+deb12u2) ...
Selecting previously unselected package libpython3.11-stdlib:amd64.
Preparing to unpack .../4-libpython3.11-stdlib_3.11.2-6+deb12u8_amd64.deb ...
Unpacking libpython3.11-stdlib:amd64 (3.11.2-6+deb12u8) ...
Selecting previously unselected package python3.11.
Preparing to unpack .../5-python3.11_3.11.2-6+deb12u8_amd64.deb ...
Unpacking python3.11 (3.11.2-6+deb12u8) ...
Selecting previously unselected package libpython3-stdlib:amd64.
Preparing to unpack .../6-libpython3-stdlib_3.11.2-1+b1_amd64.deb ...
Unpacking libpython3-stdlib:amd64 (3.11.2-1+b1) ...
Setting up python3-minimal (3.11.2-1+b1) ...
Selecting previously unselected package python3.
(Reading database ... (Reading database ... 5%(Reading database ... 10%(Reading database ... 15%(Reading database ... 20%(Reading database ... 25%(Reading database ... 30%(Reading database ... 35%(Reading database ... 40%(Reading database ... 45%(Reading database ... 50%(Reading database ... 55%(Reading database ... 60%(Reading database ... 65%(Reading database ... 70%(Reading database ... 75%(Reading database ... 80%(Reading database ... 85%(Reading database ... 90%(Reading database ... 95%(Reading database ... 100%(Reading database ... 10491 files and directories currently installed.)
Preparing to unpack .../000-python3_3.11.2-1+b1_amd64.deb ...
Unpacking python3 (3.11.2-1+b1) ...
Selecting previously unselected package sgml-base.
Preparing to unpack .../001-sgml-base_1.31_all.deb ...
Unpacking sgml-base (1.31) ...
Selecting previously unselected package sudo.
Preparing to unpack .../002-sudo_1.9.13p3-1+deb12u4_amd64.deb ...
Unpacking sudo (1.9.13p3-1+deb12u4) ...
Selecting previously unselected package openssl.
Preparing to unpack .../003-openssl_3.0.20-1~deb12u2_amd64.deb ...
Unpacking openssl (3.0.20-1~deb12u2) ...
Selecting previously unselected package ca-certificates.
Preparing to unpack .../004-ca-certificates_20230311+deb12u1_all.deb ...
Unpacking ca-certificates (20230311+deb12u1) ...
Selecting previously unselected package iucode-tool.
Preparing to unpack .../005-iucode-tool_2.3.1-3_amd64.deb ...
Unpacking iucode-tool (2.3.1-3) ...
Selecting previously unselected package intel-microcode.
Preparing to unpack .../006-intel-microcode_3.20251111.1~deb12u1_amd64.deb ...
Unpacking intel-microcode (3.20251111.1~deb12u1) ...
Selecting previously unselected package libc-l10n.
Preparing to unpack .../007-libc-l10n_2.36-9+deb12u14_all.deb ...
Unpacking libc-l10n (2.36-9+deb12u14) ...
Selecting previously unselected package libpam-systemd:amd64.
Preparing to unpack .../008-libpam-systemd_252.39-1~deb12u2_amd64.deb ...
Unpacking libpam-systemd:amd64 (252.39-1~deb12u2) ...
Selecting previously unselected package locales.
Preparing to unpack .../009-locales_2.36-9+deb12u14_all.deb ...
Unpacking locales (2.36-9+deb12u14) ...
Selecting previously unselected package lsof.
Preparing to unpack .../010-lsof_4.95.0-1_amd64.deb ...
Unpacking lsof (4.95.0-1) ...
Selecting previously unselected package ucf.
Preparing to unpack .../011-ucf_3.0043+nmu1+deb12u1_all.deb ...
Moving old data out of the way
Unpacking ucf (3.0043+nmu1+deb12u1) ...
Selecting previously unselected package hicolor-icon-theme.
Preparing to unpack .../012-hicolor-icon-theme_0.17-2_all.deb ...
Unpacking hicolor-icon-theme (0.17-2) ...
Selecting previously unselected package libgdk-pixbuf2.0-common.
Preparing to unpack .../013-libgdk-pixbuf2.0-common_2.42.10+dfsg-1+deb12u4_all.deb ...
Unpacking libgdk-pixbuf2.0-common (2.42.10+dfsg-1+deb12u4) ...
Selecting previously unselected package libglib2.0-0:amd64.
Preparing to unpack .../014-libglib2.0-0_2.74.6-2+deb12u9_amd64.deb ...
Unpacking libglib2.0-0:amd64 (2.74.6-2+deb12u9) ...
Selecting previously unselected package libicu72:amd64.
Preparing to unpack .../015-libicu72_72.1-3+deb12u1_amd64.deb ...
Unpacking libicu72:amd64 (72.1-3+deb12u1) ...
Selecting previously unselected package libxml2:amd64.
Preparing to unpack .../016-libxml2_2.9.14+dfsg-1.3~deb12u6_amd64.deb ...
Unpacking libxml2:amd64 (2.9.14+dfsg-1.3~deb12u6) ...
Selecting previously unselected package shared-mime-info.
Preparing to unpack .../017-shared-mime-info_2.2-1_amd64.deb ...
Unpacking shared-mime-info (2.2-1) ...
Selecting previously unselected package libjpeg62-turbo:amd64.
Preparing to unpack .../018-libjpeg62-turbo_1%3a2.1.5-2_amd64.deb ...
Unpacking libjpeg62-turbo:amd64 (1:2.1.5-2) ...
Selecting previously unselected package libpng16-16:amd64.
Preparing to unpack .../019-libpng16-16_1.6.39-2+deb12u5_amd64.deb ...
Unpacking libpng16-16:amd64 (1.6.39-2+deb12u5) ...
Selecting previously unselected package libdeflate0:amd64.
Preparing to unpack .../020-libdeflate0_1.14-1_amd64.deb ...
Unpacking libdeflate0:amd64 (1.14-1) ...
Selecting previously unselected package libjbig0:amd64.
Preparing to unpack .../021-libjbig0_2.1-6.1_amd64.deb ...
Unpacking libjbig0:amd64 (2.1-6.1) ...
Selecting previously unselected package liblerc4:amd64.
Preparing to unpack .../022-liblerc4_4.0.0+ds-2_amd64.deb ...
Unpacking liblerc4:amd64 (4.0.0+ds-2) ...
Selecting previously unselected package libwebp7:amd64.
Preparing to unpack .../023-libwebp7_1.2.4-0.2+deb12u1_amd64.deb ...
Unpacking libwebp7:amd64 (1.2.4-0.2+deb12u1) ...
Selecting previously unselected package libtiff6:amd64.
Preparing to unpack .../024-libtiff6_4.5.0-6+deb12u4_amd64.deb ...
Unpacking libtiff6:amd64 (4.5.0-6+deb12u4) ...
Selecting previously unselected package libgdk-pixbuf-2.0-0:amd64.
Preparing to unpack .../025-libgdk-pixbuf-2.0-0_2.42.10+dfsg-1+deb12u4_amd64.deb ...
Unpacking libgdk-pixbuf-2.0-0:amd64 (2.42.10+dfsg-1+deb12u4) ...
Selecting previously unselected package gtk-update-icon-cache.
Preparing to unpack .../026-gtk-update-icon-cache_3.24.38-2~deb12u3_amd64.deb ...
Unpacking gtk-update-icon-cache (3.24.38-2~deb12u3) ...
Selecting previously unselected package adwaita-icon-theme.
Preparing to unpack .../027-adwaita-icon-theme_43-1_all.deb ...
Unpacking adwaita-icon-theme (43-1) ...
Selecting previously unselected package at-spi2-common.
Preparing to unpack .../028-at-spi2-common_2.46.0-5_all.deb ...
Unpacking at-spi2-common (2.46.0-5) ...
Selecting previously unselected package busybox.
Preparing to unpack .../029-busybox_1%3a1.35.0-4+deb12u1+b1_amd64.deb ...
Unpacking busybox (1:1.35.0-4+deb12u1+b1) ...
Selecting previously unselected package libisl23:amd64.
Preparing to unpack .../030-libisl23_0.25-1.1_amd64.deb ...
Unpacking libisl23:amd64 (0.25-1.1) ...
Selecting previously unselected package libmpfr6:amd64.
Preparing to unpack .../031-libmpfr6_4.2.0-1_amd64.deb ...
Unpacking libmpfr6:amd64 (4.2.0-1) ...
Selecting previously unselected package libmpc3:amd64.
Preparing to unpack .../032-libmpc3_1.3.1-1_amd64.deb ...
Unpacking libmpc3:amd64 (1.3.1-1) ...
Selecting previously unselected package cpp-12.
Preparing to unpack .../033-cpp-12_12.2.0-14+deb12u1_amd64.deb ...
Unpacking cpp-12 (12.2.0-14+deb12u1) ...
Selecting previously unselected package cpp.
Preparing to unpack .../034-cpp_4%3a12.2.0-3_amd64.deb ...
Unpacking cpp (4:12.2.0-3) ...
Selecting previously unselected package libxau6:amd64.
Preparing to unpack .../035-libxau6_1%3a1.0.9-1_amd64.deb ...
Unpacking libxau6:amd64 (1:1.0.9-1) ...
Selecting previously unselected package libxdmcp6:amd64.
Preparing to unpack .../036-libxdmcp6_1%3a1.1.2-3_amd64.deb ...
Unpacking libxdmcp6:amd64 (1:1.1.2-3) ...
Selecting previously unselected package libxcb1:amd64.
Preparing to unpack .../037-libxcb1_1.15-1_amd64.deb ...
Unpacking libxcb1:amd64 (1.15-1) ...
Selecting previously unselected package libx11-data.
Preparing to unpack .../038-libx11-data_2%3a1.8.4-2+deb12u2_all.deb ...
Unpacking libx11-data (2:1.8.4-2+deb12u2) ...
Selecting previously unselected package libx11-6:amd64.
Preparing to unpack .../039-libx11-6_2%3a1.8.4-2+deb12u2_amd64.deb ...
Unpacking libx11-6:amd64 (2:1.8.4-2+deb12u2) ...
Selecting previously unselected package dbus-x11.
Preparing to unpack .../040-dbus-x11_1.14.10-1~deb12u1_amd64.deb ...
Unpacking dbus-x11 (1.14.10-1~deb12u1) ...
Selecting previously unselected package libdconf1:amd64.
Preparing to unpack .../041-libdconf1_0.40.0-4_amd64.deb ...
Unpacking libdconf1:amd64 (0.40.0-4) ...
Selecting previously unselected package dconf-service.
Preparing to unpack .../042-dconf-service_0.40.0-4_amd64.deb ...
Unpacking dconf-service (0.40.0-4) ...
Selecting previously unselected package dconf-gsettings-backend:amd64.
Preparing to unpack .../043-dconf-gsettings-backend_0.40.0-4_amd64.deb ...
Unpacking dconf-gsettings-backend:amd64 (0.40.0-4) ...
Selecting previously unselected package desktop-file-utils.
Preparing to unpack .../044-desktop-file-utils_0.26-1_amd64.deb ...
Unpacking desktop-file-utils (0.26-1) ...
Selecting previously unselected package firmware-amd-graphics.
Preparing to unpack .../045-firmware-amd-graphics_20230210-5_all.deb ...
Unpacking firmware-amd-graphics (20230210-5) ...
Selecting previously unselected package firmware-linux-free.
Preparing to unpack .../046-firmware-linux-free_20200122-1_all.deb ...
Unpacking firmware-linux-free (20200122-1) ...
Selecting previously unselected package firmware-misc-nonfree.
Preparing to unpack .../047-firmware-misc-nonfree_20230210-5_all.deb ...
Unpacking firmware-misc-nonfree (20230210-5) ...
Selecting previously unselected package firmware-linux-nonfree.
Preparing to unpack .../048-firmware-linux-nonfree_20230210-5_all.deb ...
Unpacking firmware-linux-nonfree (20230210-5) ...
Selecting previously unselected package firmware-linux.
Preparing to unpack .../049-firmware-linux_20230210-5_all.deb ...
Unpacking firmware-linux (20230210-5) ...
Selecting previously unselected package libbrotli1:amd64.
Preparing to unpack .../050-libbrotli1_1.0.9-2+b6_amd64.deb ...
Unpacking libbrotli1:amd64 (1.0.9-2+b6) ...
Selecting previously unselected package libfreetype6:amd64.
Preparing to unpack .../051-libfreetype6_2.12.1+dfsg-5+deb12u4_amd64.deb ...
Unpacking libfreetype6:amd64 (2.12.1+dfsg-5+deb12u4) ...
Selecting previously unselected package fonts-dejavu-core.
Preparing to unpack .../052-fonts-dejavu-core_2.37-6_all.deb ...
Unpacking fonts-dejavu-core (2.37-6) ...
Selecting previously unselected package fonts-liberation.
Preparing to unpack .../053-fonts-liberation_1%3a1.07.4-11_all.deb ...
Unpacking fonts-liberation (1:1.07.4-11) ...
Selecting previously unselected package libfontenc1:amd64.
Preparing to unpack .../054-libfontenc1_1%3a1.1.4-1_amd64.deb ...
Unpacking libfontenc1:amd64 (1:1.1.4-1) ...
Selecting previously unselected package x11-common.
Preparing to unpack .../055-x11-common_1%3a7.7+23_all.deb ...
Unpacking x11-common (1:7.7+23) ...
Selecting previously unselected package xfonts-encodings.
Preparing to unpack .../056-xfonts-encodings_1%3a1.0.4-2.2_all.deb ...
Unpacking xfonts-encodings (1:1.0.4-2.2) ...
Selecting previously unselected package xfonts-utils.
Preparing to unpack .../057-xfonts-utils_1%3a7.7+6_amd64.deb ...
Unpacking xfonts-utils (1:7.7+6) ...
Selecting previously unselected package fonts-urw-base35.
Preparing to unpack .../058-fonts-urw-base35_20200910-7_all.deb ...
Unpacking fonts-urw-base35 (20200910-7) ...
Selecting previously unselected package fontconfig-config.
Preparing to unpack .../059-fontconfig-config_2.14.1-4_amd64.deb ...
Unpacking fontconfig-config (2.14.1-4) ...
Selecting previously unselected package libfontconfig1:amd64.
Preparing to unpack .../060-libfontconfig1_2.14.1-4_amd64.deb ...
Unpacking libfontconfig1:amd64 (2.14.1-4) ...
Selecting previously unselected package fontconfig.
Preparing to unpack .../061-fontconfig_2.14.1-4_amd64.deb ...
Unpacking fontconfig (2.14.1-4) ...
Selecting previously unselected package fonts-noto-color-emoji.
Preparing to unpack .../062-fonts-noto-color-emoji_2.042-0+deb12u1_all.deb ...
Unpacking fonts-noto-color-emoji (2.042-0+deb12u1) ...
Selecting previously unselected package fonts-noto-core.
Preparing to unpack .../063-fonts-noto-core_20201225-1_all.deb ...
Unpacking fonts-noto-core (20201225-1) ...
Selecting previously unselected package gdisk.
Preparing to unpack .../064-gdisk_1.0.9-2.1_amd64.deb ...
Unpacking gdisk (1.0.9-2.1) ...
Selecting previously unselected package libproxy1v5:amd64.
Preparing to unpack .../065-libproxy1v5_0.4.18-1.2_amd64.deb ...
Unpacking libproxy1v5:amd64 (0.4.18-1.2) ...
Selecting previously unselected package glib-networking-common.
Preparing to unpack .../066-glib-networking-common_2.74.0-4_all.deb ...
Unpacking glib-networking-common (2.74.0-4) ...
Selecting previously unselected package glib-networking-services.
Preparing to unpack .../067-glib-networking-services_2.74.0-4_amd64.deb ...
Unpacking glib-networking-services (2.74.0-4) ...
Selecting previously unselected package gsettings-desktop-schemas.
Preparing to unpack .../068-gsettings-desktop-schemas_43.0-1_all.deb ...
Unpacking gsettings-desktop-schemas (43.0-1) ...
Selecting previously unselected package glib-networking:amd64.
Preparing to unpack .../069-glib-networking_2.74.0-4_amd64.deb ...
Unpacking glib-networking:amd64 (2.74.0-4) ...
Selecting previously unselected package gvfs-common.
Preparing to unpack .../070-gvfs-common_1.50.3-1+deb12u1_all.deb ...
Unpacking gvfs-common (1.50.3-1+deb12u1) ...
Selecting previously unselected package libgck-1-0:amd64.
Preparing to unpack .../071-libgck-1-0_3.41.1-1+b1_amd64.deb ...
Unpacking libgck-1-0:amd64 (3.41.1-1+b1) ...
Selecting previously unselected package libgcr-base-3-1:amd64.
Preparing to unpack .../072-libgcr-base-3-1_3.41.1-1+b1_amd64.deb ...
Unpacking libgcr-base-3-1:amd64 (3.41.1-1+b1) ...
Selecting previously unselected package libsecret-common.
Preparing to unpack .../073-libsecret-common_0.20.5-3_all.deb ...
Unpacking libsecret-common (0.20.5-3) ...
Selecting previously unselected package libsecret-1-0:amd64.
Preparing to unpack .../074-libsecret-1-0_0.20.5-3_amd64.deb ...
Unpacking libsecret-1-0:amd64 (0.20.5-3) ...
Selecting previously unselected package gvfs-libs:amd64.
Preparing to unpack .../075-gvfs-libs_1.50.3-1+deb12u1_amd64.deb ...
Unpacking gvfs-libs:amd64 (1.50.3-1+deb12u1) ...
Selecting previously unselected package libblockdev-part-err2:amd64.
Preparing to unpack .../076-libblockdev-part-err2_2.28-2+deb12u1_amd64.deb ...
Unpacking libblockdev-part-err2:amd64 (2.28-2+deb12u1) ...
Selecting previously unselected package libblockdev-utils2:amd64.
Preparing to unpack .../077-libblockdev-utils2_2.28-2+deb12u1_amd64.deb ...
Unpacking libblockdev-utils2:amd64 (2.28-2+deb12u1) ...
Selecting previously unselected package libparted2:amd64.
Preparing to unpack .../078-libparted2_3.5-3_amd64.deb ...
Unpacking libparted2:amd64 (3.5-3) ...
Selecting previously unselected package libparted-fs-resize0:amd64.
Preparing to unpack .../079-libparted-fs-resize0_3.5-3_amd64.deb ...
Unpacking libparted-fs-resize0:amd64 (3.5-3) ...
Selecting previously unselected package libblockdev-fs2:amd64.
Preparing to unpack .../080-libblockdev-fs2_2.28-2+deb12u1_amd64.deb ...
Unpacking libblockdev-fs2:amd64 (2.28-2+deb12u1) ...
Selecting previously unselected package libblockdev-loop2:amd64.
Preparing to unpack .../081-libblockdev-loop2_2.28-2+deb12u1_amd64.deb ...
Unpacking libblockdev-loop2:amd64 (2.28-2+deb12u1) ...
Selecting previously unselected package libblockdev-part2:amd64.
Preparing to unpack .../082-libblockdev-part2_2.28-2+deb12u1_amd64.deb ...
Unpacking libblockdev-part2:amd64 (2.28-2+deb12u1) ...
Selecting previously unselected package libblockdev-swap2:amd64.
Preparing to unpack .../083-libblockdev-swap2_2.28-2+deb12u1_amd64.deb ...
Unpacking libblockdev-swap2:amd64 (2.28-2+deb12u1) ...
Selecting previously unselected package parted.
Preparing to unpack .../084-parted_3.5-3_amd64.deb ...
Unpacking parted (3.5-3) ...
Selecting previously unselected package libatasmart4:amd64.
Preparing to unpack .../085-libatasmart4_0.19-5_amd64.deb ...
Unpacking libatasmart4:amd64 (0.19-5) ...
Selecting previously unselected package libblockdev2:amd64.
Preparing to unpack .../086-libblockdev2_2.28-2+deb12u1_amd64.deb ...
Unpacking libblockdev2:amd64 (2.28-2+deb12u1) ...
Selecting previously unselected package libgudev-1.0-0:amd64.
Preparing to unpack .../087-libgudev-1.0-0_237-2_amd64.deb ...
Unpacking libgudev-1.0-0:amd64 (237-2) ...
Selecting previously unselected package libpolkit-gobject-1-0:amd64.
Preparing to unpack .../088-libpolkit-gobject-1-0_122-3_amd64.deb ...
Unpacking libpolkit-gobject-1-0:amd64 (122-3) ...
Selecting previously unselected package libpolkit-agent-1-0:amd64.
Preparing to unpack .../089-libpolkit-agent-1-0_122-3_amd64.deb ...
Unpacking libpolkit-agent-1-0:amd64 (122-3) ...
Selecting previously unselected package libudisks2-0:amd64.
Preparing to unpack .../090-libudisks2-0_2.9.4-4+deb12u2_amd64.deb ...
Unpacking libudisks2-0:amd64 (2.9.4-4+deb12u2) ...
Selecting previously unselected package udisks2.
Preparing to unpack .../091-udisks2_2.9.4-4+deb12u2_amd64.deb ...
Unpacking udisks2 (2.9.4-4+deb12u2) ...
Selecting previously unselected package libudfread0:amd64.
Preparing to unpack .../092-libudfread0_1.1.2-1_amd64.deb ...
Unpacking libudfread0:amd64 (1.1.2-1) ...
Selecting previously unselected package libbluray2:amd64.
Preparing to unpack .../093-libbluray2_1%3a1.3.4-1_amd64.deb ...
Unpacking libbluray2:amd64 (1:1.3.4-1) ...
Selecting previously unselected package gvfs-daemons.
Preparing to unpack .../094-gvfs-daemons_1.50.3-1+deb12u1_amd64.deb ...
Unpacking gvfs-daemons (1.50.3-1+deb12u1) ...
Selecting previously unselected package gvfs:amd64.
Preparing to unpack .../095-gvfs_1.50.3-1+deb12u1_amd64.deb ...
Unpacking gvfs:amd64 (1.50.3-1+deb12u1) ...
Selecting previously unselected package psmisc.
Preparing to unpack .../096-psmisc_23.6-1_amd64.deb ...
Unpacking psmisc (23.6-1) ...
Selecting previously unselected package libarchive13:amd64.
Preparing to unpack .../097-libarchive13_3.6.2-1+deb12u4_amd64.deb ...
Unpacking libarchive13:amd64 (3.6.2-1+deb12u4) ...
Selecting previously unselected package libavahi-common-data:amd64.
Preparing to unpack .../098-libavahi-common-data_0.8-10+deb12u1_amd64.deb ...
Unpacking libavahi-common-data:amd64 (0.8-10+deb12u1) ...
Selecting previously unselected package libavahi-common3:amd64.
Preparing to unpack .../099-libavahi-common3_0.8-10+deb12u1_amd64.deb ...
Unpacking libavahi-common3:amd64 (0.8-10+deb12u1) ...
Selecting previously unselected package libavahi-client3:amd64.
Preparing to unpack .../100-libavahi-client3_0.8-10+deb12u1_amd64.deb ...
Unpacking libavahi-client3:amd64 (0.8-10+deb12u1) ...
Selecting previously unselected package libavahi-glib1:amd64.
Preparing to unpack .../101-libavahi-glib1_0.8-10+deb12u1_amd64.deb ...
Unpacking libavahi-glib1:amd64 (0.8-10+deb12u1) ...
Selecting previously unselected package libcdio19:amd64.
Preparing to unpack .../102-libcdio19_2.1.0-4_amd64.deb ...
Unpacking libcdio19:amd64 (2.1.0-4) ...
Selecting previously unselected package libcdio-cdda2:amd64.
Preparing to unpack .../103-libcdio-cdda2_10.2+2.0.1-1_amd64.deb ...
Unpacking libcdio-cdda2:amd64 (10.2+2.0.1-1) ...
Selecting previously unselected package libcdio-paranoia2:amd64.
Preparing to unpack .../104-libcdio-paranoia2_10.2+2.0.1-1_amd64.deb ...
Unpacking libcdio-paranoia2:amd64 (10.2+2.0.1-1) ...
Selecting previously unselected package libgoa-1.0-common.
Preparing to unpack .../105-libgoa-1.0-common_3.46.0-1_all.deb ...
Unpacking libgoa-1.0-common (3.46.0-1) ...
Selecting previously unselected package libgoa-1.0-0b:amd64.
Preparing to unpack .../106-libgoa-1.0-0b_3.46.0-1_amd64.deb ...
Unpacking libgoa-1.0-0b:amd64 (3.46.0-1) ...
Selecting previously unselected package libjson-glib-1.0-common.
Preparing to unpack .../107-libjson-glib-1.0-common_1.6.6-1_all.deb ...
Unpacking libjson-glib-1.0-common (1.6.6-1) ...
Selecting previously unselected package libjson-glib-1.0-0:amd64.
Preparing to unpack .../108-libjson-glib-1.0-0_1.6.6-1_amd64.deb ...
Unpacking libjson-glib-1.0-0:amd64 (1.6.6-1) ...
Selecting previously unselected package libsoup2.4-common.
Preparing to unpack .../109-libsoup2.4-common_2.74.3-1+deb12u1_all.deb ...
Unpacking libsoup2.4-common (2.74.3-1+deb12u1) ...
Selecting previously unselected package libpsl5:amd64.
Preparing to unpack .../110-libpsl5_0.21.2-1_amd64.deb ...
Unpacking libpsl5:amd64 (0.21.2-1) ...
Selecting previously unselected package libsoup2.4-1:amd64.
Preparing to unpack .../111-libsoup2.4-1_2.74.3-1+deb12u1_amd64.deb ...
Unpacking libsoup2.4-1:amd64 (2.74.3-1+deb12u1) ...
Selecting previously unselected package libgdata-common.
Preparing to unpack .../112-libgdata-common_0.18.1-2_all.deb ...
Unpacking libgdata-common (0.18.1-2) ...
Selecting previously unselected package libgdata22:amd64.
Preparing to unpack .../113-libgdata22_0.18.1-2_amd64.deb ...
Unpacking libgdata22:amd64 (0.18.1-2) ...
Selecting previously unselected package libsasl2-modules-db:amd64.
Preparing to unpack .../114-libsasl2-modules-db_2.1.28+dfsg-10_amd64.deb ...
Unpacking libsasl2-modules-db:amd64 (2.1.28+dfsg-10) ...
Selecting previously unselected package libsasl2-2:amd64.
Preparing to unpack .../115-libsasl2-2_2.1.28+dfsg-10_amd64.deb ...
Unpacking libsasl2-2:amd64 (2.1.28+dfsg-10) ...
Selecting previously unselected package libldap-2.5-0:amd64.
Preparing to unpack .../116-libldap-2.5-0_2.5.13+dfsg-5_amd64.deb ...
Unpacking libldap-2.5-0:amd64 (2.5.13+dfsg-5) ...
Selecting previously unselected package libnghttp2-14:amd64.
Preparing to unpack .../117-libnghttp2-14_1.52.0-1+deb12u3_amd64.deb ...
Unpacking libnghttp2-14:amd64 (1.52.0-1+deb12u3) ...
Selecting previously unselected package librtmp1:amd64.
Preparing to unpack .../118-librtmp1_2.4+20151223.gitfa8646d.1-2+b2_amd64.deb ...
Unpacking librtmp1:amd64 (2.4+20151223.gitfa8646d.1-2+b2) ...
Selecting previously unselected package libssh2-1:amd64.
Preparing to unpack .../119-libssh2-1_1.10.0-3+b1_amd64.deb ...
Unpacking libssh2-1:amd64 (1.10.0-3+b1) ...
Selecting previously unselected package libcurl4:amd64.
Preparing to unpack .../120-libcurl4_7.88.1-10+deb12u15_amd64.deb ...
Unpacking libcurl4:amd64 (7.88.1-10+deb12u15) ...
Selecting previously unselected package libexif12:amd64.
Preparing to unpack .../121-libexif12_0.6.24-1+deb12u1_amd64.deb ...
Unpacking libexif12:amd64 (0.6.24-1+deb12u1) ...
Selecting previously unselected package libaom3:amd64.
Preparing to unpack .../122-libaom3_3.6.0-1+deb12u2_amd64.deb ...
Unpacking libaom3:amd64 (3.6.0-1+deb12u2) ...
Selecting previously unselected package libdav1d6:amd64.
Preparing to unpack .../123-libdav1d6_1.0.0-2+deb12u1_amd64.deb ...
Unpacking libdav1d6:amd64 (1.0.0-2+deb12u1) ...
Selecting previously unselected package libabsl20220623:amd64.
Preparing to unpack .../124-libabsl20220623_20220623.1-1+deb12u2_amd64.deb ...
Unpacking libabsl20220623:amd64 (20220623.1-1+deb12u2) ...
Selecting previously unselected package libgav1-1:amd64.
Preparing to unpack .../125-libgav1-1_0.18.0-1+b1_amd64.deb ...
Unpacking libgav1-1:amd64 (0.18.0-1+b1) ...
Selecting previously unselected package librav1e0:amd64.
Preparing to unpack .../126-librav1e0_0.5.1-6_amd64.deb ...
Unpacking librav1e0:amd64 (0.5.1-6) ...
Selecting previously unselected package libsvtav1enc1:amd64.
Preparing to unpack .../127-libsvtav1enc1_1.4.1+dfsg-1_amd64.deb ...
Unpacking libsvtav1enc1:amd64 (1.4.1+dfsg-1) ...
Selecting previously unselected package libyuv0:amd64.
Preparing to unpack .../128-libyuv0_0.0~git20230123.b2528b0-1_amd64.deb ...
Unpacking libyuv0:amd64 (0.0~git20230123.b2528b0-1) ...
Selecting previously unselected package libavif15:amd64.
Preparing to unpack .../129-libavif15_0.11.1-1+deb12u1_amd64.deb ...
Unpacking libavif15:amd64 (0.11.1-1+deb12u1) ...
Selecting previously unselected package libde265-0:amd64.
Preparing to unpack .../130-libde265-0_1.0.11-1+deb12u2_amd64.deb ...
Unpacking libde265-0:amd64 (1.0.11-1+deb12u2) ...
Selecting previously unselected package libnuma1:amd64.
Preparing to unpack .../131-libnuma1_2.0.16-1_amd64.deb ...
Unpacking libnuma1:amd64 (2.0.16-1) ...
Selecting previously unselected package libx265-199:amd64.
Preparing to unpack .../132-libx265-199_3.5-2+b1_amd64.deb ...
Unpacking libx265-199:amd64 (3.5-2+b1) ...
Selecting previously unselected package libheif1:amd64.
Preparing to unpack .../133-libheif1_1.15.1-1+deb12u1_amd64.deb ...
Unpacking libheif1:amd64 (1.15.1-1+deb12u1) ...
Selecting previously unselected package libxpm4:amd64.
Preparing to unpack .../134-libxpm4_1%3a3.5.12-1.1+deb12u1_amd64.deb ...
Unpacking libxpm4:amd64 (1:3.5.12-1.1+deb12u1) ...
Selecting previously unselected package libgd3:amd64.
Preparing to unpack .../135-libgd3_2.3.3-9_amd64.deb ...
Unpacking libgd3:amd64 (2.3.3-9) ...
Selecting previously unselected package libltdl7:amd64.
Preparing to unpack .../136-libltdl7_2.4.7-7~deb12u1_amd64.deb ...
Unpacking libltdl7:amd64 (2.4.7-7~deb12u1) ...
Selecting previously unselected package libusb-1.0-0:amd64.
Preparing to unpack .../137-libusb-1.0-0_2%3a1.0.26-1_amd64.deb ...
Unpacking libusb-1.0-0:amd64 (2:1.0.26-1) ...
Selecting previously unselected package libgphoto2-port12:amd64.
Preparing to unpack .../138-libgphoto2-port12_2.5.30-1_amd64.deb ...
Unpacking libgphoto2-port12:amd64 (2.5.30-1) ...
Selecting previously unselected package libgphoto2-6:amd64.
Preparing to unpack .../139-libgphoto2-6_2.5.30-1_amd64.deb ...
Unpacking libgphoto2-6:amd64 (2.5.30-1) ...
Selecting previously unselected package libplist3:amd64.
Preparing to unpack .../140-libplist3_2.2.0-6+b2_amd64.deb ...
Unpacking libplist3:amd64 (2.2.0-6+b2) ...
Selecting previously unselected package libusbmuxd6:amd64.
Preparing to unpack .../141-libusbmuxd6_2.0.2-3_amd64.deb ...
Unpacking libusbmuxd6:amd64 (2.0.2-3) ...
Selecting previously unselected package libimobiledevice6:amd64.
Preparing to unpack .../142-libimobiledevice6_1.3.0-6+b3_amd64.deb ...
Unpacking libimobiledevice6:amd64 (1.3.0-6+b3) ...
Selecting previously unselected package libmtp-common.
Preparing to unpack .../143-libmtp-common_1.1.20-1_all.deb ...
Unpacking libmtp-common (1.1.20-1) ...
Selecting previously unselected package libmtp9:amd64.
Preparing to unpack .../144-libmtp9_1.1.20-1_amd64.deb ...
Unpacking libmtp9:amd64 (1.1.20-1) ...
Selecting previously unselected package libnfs13:amd64.
Preparing to unpack .../145-libnfs13_4.0.0-1+deb12u1_amd64.deb ...
Unpacking libnfs13:amd64 (4.0.0-1+deb12u1) ...
Selecting previously unselected package liblmdb0:amd64.
Preparing to unpack .../146-liblmdb0_0.9.24-1_amd64.deb ...
Unpacking liblmdb0:amd64 (0.9.24-1) ...
Selecting previously unselected package libtalloc2:amd64.
Preparing to unpack .../147-libtalloc2_2.4.0-f2_amd64.deb ...
Unpacking libtalloc2:amd64 (2.4.0-f2) ...
Selecting previously unselected package libtdb1:amd64.
Preparing to unpack .../148-libtdb1_1.4.8-2_amd64.deb ...
Unpacking libtdb1:amd64 (1.4.8-2) ...
Selecting previously unselected package libtevent0:amd64.
Preparing to unpack .../149-libtevent0_0.14.1-1_amd64.deb ...
Unpacking libtevent0:amd64 (0.14.1-1) ...
Selecting previously unselected package libldb2:amd64.
Preparing to unpack .../150-libldb2_2%3a2.6.2+samba4.17.12+dfsg-0+deb12u4_amd64.deb ...
Unpacking libldb2:amd64 (2:2.6.2+samba4.17.12+dfsg-0+deb12u4) ...
Selecting previously unselected package libwbclient0:amd64.
Preparing to unpack .../151-libwbclient0_2%3a4.17.12+dfsg-0+deb12u4_amd64.deb ...
Unpacking libwbclient0:amd64 (2:4.17.12+dfsg-0+deb12u4) ...
Selecting previously unselected package samba-libs:amd64.
Preparing to unpack .../152-samba-libs_2%3a4.17.12+dfsg-0+deb12u4_amd64.deb ...
Unpacking samba-libs:amd64 (2:4.17.12+dfsg-0+deb12u4) ...
Selecting previously unselected package libsmbclient:amd64.
Preparing to unpack .../153-libsmbclient_2%3a4.17.12+dfsg-0+deb12u4_amd64.deb ...
Unpacking libsmbclient:amd64 (2:4.17.12+dfsg-0+deb12u4) ...
Selecting previously unselected package libsoup-3.0-common.
Preparing to unpack .../154-libsoup-3.0-common_3.2.3-0+deb12u2_all.deb ...
Unpacking libsoup-3.0-common (3.2.3-0+deb12u2) ...
Selecting previously unselected package libsoup-3.0-0:amd64.
Preparing to unpack .../155-libsoup-3.0-0_3.2.3-0+deb12u2_amd64.deb ...
Unpacking libsoup-3.0-0:amd64 (3.2.3-0+deb12u2) ...
Selecting previously unselected package gvfs-backends.
Preparing to unpack .../156-gvfs-backends_1.50.3-1+deb12u1_amd64.deb ...
Unpacking gvfs-backends (1.50.3-1+deb12u1) ...
Selecting previously unselected package libindi-data.
Preparing to unpack .../157-libindi-data_1.9.9+dfsg-2_all.deb ...
Unpacking libindi-data (1.9.9+dfsg-2) ...
Selecting previously unselected package libcurl3-gnutls:amd64.
Preparing to unpack .../158-libcurl3-gnutls_7.88.1-10+deb12u15_amd64.deb ...
Unpacking libcurl3-gnutls:amd64 (7.88.1-10+deb12u15) ...
Selecting previously unselected package libcfitsio10:amd64.
Preparing to unpack .../159-libcfitsio10_4.2.0-3_amd64.deb ...
Unpacking libcfitsio10:amd64 (4.2.0-3) ...
Selecting previously unselected package libgomp1:amd64.
Preparing to unpack .../160-libgomp1_12.2.0-14+deb12u1_amd64.deb ...
Unpacking libgomp1:amd64 (12.2.0-14+deb12u1) ...
Selecting previously unselected package libfftw3-double3:amd64.
Preparing to unpack .../161-libfftw3-double3_3.3.10-1_amd64.deb ...
Unpacking libfftw3-double3:amd64 (3.3.10-1) ...
Selecting previously unselected package libnova-0.16-0:amd64.
Preparing to unpack .../162-libnova-0.16-0_0.16-5_amd64.deb ...
Unpacking libnova-0.16-0:amd64 (0.16-5) ...
Selecting previously unselected package libogg0:amd64.
Preparing to unpack .../163-libogg0_1.3.5-3_amd64.deb ...
Unpacking libogg0:amd64 (1.3.5-3) ...
Selecting previously unselected package libpixman-1-0:amd64.
Preparing to unpack .../164-libpixman-1-0_0.42.2-1_amd64.deb ...
Unpacking libpixman-1-0:amd64 (0.42.2-1) ...
Selecting previously unselected package libxcb-render0:amd64.
Preparing to unpack .../165-libxcb-render0_1.15-1_amd64.deb ...
Unpacking libxcb-render0:amd64 (1.15-1) ...
Selecting previously unselected package libxcb-shm0:amd64.
Preparing to unpack .../166-libxcb-shm0_1.15-1_amd64.deb ...
Unpacking libxcb-shm0:amd64 (1.15-1) ...
Selecting previously unselected package libxext6:amd64.
Preparing to unpack .../167-libxext6_2%3a1.3.4-1+b1_amd64.deb ...
Unpacking libxext6:amd64 (2:1.3.4-1+b1) ...
Selecting previously unselected package libxrender1:amd64.
Preparing to unpack .../168-libxrender1_1%3a0.9.10-1.1_amd64.deb ...
Unpacking libxrender1:amd64 (1:0.9.10-1.1) ...
Selecting previously unselected package libcairo2:amd64.
Preparing to unpack .../169-libcairo2_1.16.0-7_amd64.deb ...
Unpacking libcairo2:amd64 (1.16.0-7) ...
Selecting previously unselected package libtheora0:amd64.
Preparing to unpack .../170-libtheora0_1.1.1+dfsg.1-16.1+deb12u1_amd64.deb ...
Unpacking libtheora0:amd64 (1.1.1+dfsg.1-16.1+deb12u1) ...
Selecting previously unselected package libindidriver1:amd64.
Preparing to unpack .../171-libindidriver1_1.9.9+dfsg-2+b1_amd64.deb ...
Unpacking libindidriver1:amd64 (1.9.9+dfsg-2+b1) ...
Selecting previously unselected package indi-dsi.
Preparing to unpack .../172-indi-dsi_0.4+20221223123028-1_amd64.deb ...
Unpacking indi-dsi (0.4+20221223123028-1) ...
Selecting previously unselected package libklibc:amd64.
Preparing to unpack .../173-libklibc_2.0.12-1_amd64.deb ...
Unpacking libklibc:amd64 (2.0.12-1) ...
Selecting previously unselected package klibc-utils.
Preparing to unpack .../174-klibc-utils_2.0.12-1_amd64.deb ...
Unpacking klibc-utils (2.0.12-1) ...
Selecting previously unselected package initramfs-tools-core.
Preparing to unpack .../175-initramfs-tools-core_0.142+deb12u3_all.deb ...
Unpacking initramfs-tools-core (0.142+deb12u3) ...
Selecting previously unselected package linux-base.
Preparing to unpack .../176-linux-base_4.12.1~deb12u1_all.deb ...
Unpacking linux-base (4.12.1~deb12u1) ...
Selecting previously unselected package initramfs-tools.
Preparing to unpack .../177-initramfs-tools_0.142+deb12u3_all.deb ...
Unpacking initramfs-tools (0.142+deb12u3) ...
Selecting previously unselected package libatk1.0-0:amd64.
Preparing to unpack .../178-libatk1.0-0_2.46.0-5_amd64.deb ...
Unpacking libatk1.0-0:amd64 (2.46.0-5) ...
Selecting previously unselected package libbluetooth3:amd64.
Preparing to unpack .../179-libbluetooth3_5.66-1+deb12u2_amd64.deb ...
Unpacking libbluetooth3:amd64 (5.66-1+deb12u2) ...
Selecting previously unselected package libcairo-gobject2:amd64.
Preparing to unpack .../180-libcairo-gobject2_1.16.0-7_amd64.deb ...
Unpacking libcairo-gobject2:amd64 (1.16.0-7) ...
Selecting previously unselected package libcups2:amd64.
Preparing to unpack .../181-libcups2_2.4.2-3+deb12u9_amd64.deb ...
Unpacking libcups2:amd64 (2.4.2-3+deb12u9) ...
Selecting previously unselected package libdatrie1:amd64.
Preparing to unpack .../182-libdatrie1_0.2.13-2+b1_amd64.deb ...
Unpacking libdatrie1:amd64 (0.2.13-2+b1) ...
Selecting previously unselected package libdbus-glib-1-2:amd64.
Preparing to unpack .../183-libdbus-glib-1-2_0.112-3_amd64.deb ...
Unpacking libdbus-glib-1-2:amd64 (0.112-3) ...
Selecting previously unselected package libdrm-common.
Preparing to unpack .../184-libdrm-common_2.4.114-1_all.deb ...
Unpacking libdrm-common (2.4.114-1) ...
Selecting previously unselected package libdrm2:amd64.
Preparing to unpack .../185-libdrm2_2.4.114-1+b1_amd64.deb ...
Unpacking libdrm2:amd64 (2.4.114-1+b1) ...
Selecting previously unselected package libdrm-amdgpu1:amd64.
Preparing to unpack .../186-libdrm-amdgpu1_2.4.114-1+b1_amd64.deb ...
Unpacking libdrm-amdgpu1:amd64 (2.4.114-1+b1) ...
Selecting previously unselected package libpciaccess0:amd64.
Preparing to unpack .../187-libpciaccess0_0.17-2_amd64.deb ...
Unpacking libpciaccess0:amd64 (0.17-2) ...
Selecting previously unselected package libdrm-intel1:amd64.
Preparing to unpack .../188-libdrm-intel1_2.4.114-1+b1_amd64.deb ...
Unpacking libdrm-intel1:amd64 (2.4.114-1+b1) ...
Selecting previously unselected package libdrm-nouveau2:amd64.
Preparing to unpack .../189-libdrm-nouveau2_2.4.114-1+b1_amd64.deb ...
Unpacking libdrm-nouveau2:amd64 (2.4.114-1+b1) ...
Selecting previously unselected package libdrm-radeon1:amd64.
Preparing to unpack .../190-libdrm-radeon1_2.4.114-1+b1_amd64.deb ...
Unpacking libdrm-radeon1:amd64 (2.4.114-1+b1) ...
Selecting previously unselected package libduktape207:amd64.
Preparing to unpack .../191-libduktape207_2.7.0-2_amd64.deb ...
Unpacking libduktape207:amd64 (2.7.0-2) ...
Selecting previously unselected package libwayland-server0:amd64.
Preparing to unpack .../192-libwayland-server0_1.21.0-1_amd64.deb ...
Unpacking libwayland-server0:amd64 (1.21.0-1) ...
Selecting previously unselected package libgbm1:amd64.
Preparing to unpack .../193-libgbm1_22.3.6-1+deb12u2_amd64.deb ...
Unpacking libgbm1:amd64 (22.3.6-1+deb12u2) ...
Selecting previously unselected package libglapi-mesa:amd64.
Preparing to unpack .../194-libglapi-mesa_22.3.6-1+deb12u2_amd64.deb ...
Unpacking libglapi-mesa:amd64 (22.3.6-1+deb12u2) ...
Selecting previously unselected package libwayland-client0:amd64.
Preparing to unpack .../195-libwayland-client0_1.21.0-1_amd64.deb ...
Unpacking libwayland-client0:amd64 (1.21.0-1) ...
Selecting previously unselected package libx11-xcb1:amd64.
Preparing to unpack .../196-libx11-xcb1_2%3a1.8.4-2+deb12u2_amd64.deb ...
Unpacking libx11-xcb1:amd64 (2:1.8.4-2+deb12u2) ...
Selecting previously unselected package libxcb-dri2-0:amd64.
Preparing to unpack .../197-libxcb-dri2-0_1.15-1_amd64.deb ...
Unpacking libxcb-dri2-0:amd64 (1.15-1) ...
Selecting previously unselected package libxcb-dri3-0:amd64.
Preparing to unpack .../198-libxcb-dri3-0_1.15-1_amd64.deb ...
Unpacking libxcb-dri3-0:amd64 (1.15-1) ...
Selecting previously unselected package libxcb-present0:amd64.
Preparing to unpack .../199-libxcb-present0_1.15-1_amd64.deb ...
Unpacking libxcb-present0:amd64 (1.15-1) ...
Selecting previously unselected package libxcb-randr0:amd64.
Preparing to unpack .../200-libxcb-randr0_1.15-1_amd64.deb ...
Unpacking libxcb-randr0:amd64 (1.15-1) ...
Selecting previously unselected package libxcb-sync1:amd64.
Preparing to unpack .../201-libxcb-sync1_1.15-1_amd64.deb ...
Unpacking libxcb-sync1:amd64 (1.15-1) ...
Selecting previously unselected package libxcb-xfixes0:amd64.
Preparing to unpack .../202-libxcb-xfixes0_1.15-1_amd64.deb ...
Unpacking libxcb-xfixes0:amd64 (1.15-1) ...
Selecting previously unselected package libxshmfence1:amd64.
Preparing to unpack .../203-libxshmfence1_1.3-1_amd64.deb ...
Unpacking libxshmfence1:amd64 (1.3-1) ...
Selecting previously unselected package libegl-mesa0:amd64.
Preparing to unpack .../204-libegl-mesa0_22.3.6-1+deb12u2_amd64.deb ...
Unpacking libegl-mesa0:amd64 (22.3.6-1+deb12u2) ...
Selecting previously unselected package libepoxy0:amd64.
Preparing to unpack .../205-libepoxy0_1.5.10-1_amd64.deb ...
Unpacking libepoxy0:amd64 (1.5.10-1) ...
Selecting previously unselected package libevdev2:amd64.
Preparing to unpack .../206-libevdev2_1.13.0+dfsg-1_amd64.deb ...
Unpacking libevdev2:amd64 (1.13.0+dfsg-1) ...
Selecting previously unselected package libfm-data.
Preparing to unpack .../207-libfm-data_1.3.2-1_all.deb ...
Unpacking libfm-data (1.3.2-1) ...
Selecting previously unselected package libfm-extra4:amd64.
Preparing to unpack .../208-libfm-extra4_1.3.2-1_amd64.deb ...
Unpacking libfm-extra4:amd64 (1.3.2-1) ...
Selecting previously unselected package libfm-gtk-data.
Preparing to unpack .../209-libfm-gtk-data_1.3.2-1_all.deb ...
Unpacking libfm-gtk-data (1.3.2-1) ...
Selecting previously unselected package libmenu-cache-bin.
Preparing to unpack .../210-libmenu-cache-bin_1.1.0-1.1_amd64.deb ...
Unpacking libmenu-cache-bin (1.1.0-1.1) ...
Selecting previously unselected package libmenu-cache3:amd64.
Preparing to unpack .../211-libmenu-cache3_1.1.0-1.1_amd64.deb ...
Unpacking libmenu-cache3:amd64 (1.1.0-1.1) ...
Selecting previously unselected package lxmenu-data.
Preparing to unpack .../212-lxmenu-data_0.1.5-2.1_all.deb ...
Unpacking lxmenu-data (0.1.5-2.1) ...
Selecting previously unselected package libfm4:amd64.
Preparing to unpack .../213-libfm4_1.3.2-1_amd64.deb ...
Unpacking libfm4:amd64 (1.3.2-1) ...
Selecting previously unselected package libgtk2.0-common.
Preparing to unpack .../214-libgtk2.0-common_2.24.33-2+deb12u1_all.deb ...
Unpacking libgtk2.0-common (2.24.33-2+deb12u1) ...
Selecting previously unselected package libfribidi0:amd64.
Preparing to unpack .../215-libfribidi0_1.0.8-2.1_amd64.deb ...
Unpacking libfribidi0:amd64 (1.0.8-2.1) ...
Selecting previously unselected package libgraphite2-3:amd64.
Preparing to unpack .../216-libgraphite2-3_1.3.14-1+deb12u1_amd64.deb ...
Unpacking libgraphite2-3:amd64 (1.3.14-1+deb12u1) ...
Selecting previously unselected package libharfbuzz0b:amd64.
Preparing to unpack .../217-libharfbuzz0b_6.0.0+dfsg-3_amd64.deb ...
Unpacking libharfbuzz0b:amd64 (6.0.0+dfsg-3) ...
Selecting previously unselected package libthai-data.
Preparing to unpack .../218-libthai-data_0.1.29-1_all.deb ...
Unpacking libthai-data (0.1.29-1) ...
Selecting previously unselected package libthai0:amd64.
Preparing to unpack .../219-libthai0_0.1.29-1_amd64.deb ...
Unpacking libthai0:amd64 (0.1.29-1) ...
Selecting previously unselected package libpango-1.0-0:amd64.
Preparing to unpack .../220-libpango-1.0-0_1.50.12+ds-1_amd64.deb ...
Unpacking libpango-1.0-0:amd64 (1.50.12+ds-1) ...
Selecting previously unselected package libpangoft2-1.0-0:amd64.
Preparing to unpack .../221-libpangoft2-1.0-0_1.50.12+ds-1_amd64.deb ...
Unpacking libpangoft2-1.0-0:amd64 (1.50.12+ds-1) ...
Selecting previously unselected package libpangocairo-1.0-0:amd64.
Preparing to unpack .../222-libpangocairo-1.0-0_1.50.12+ds-1_amd64.deb ...
Unpacking libpangocairo-1.0-0:amd64 (1.50.12+ds-1) ...
Selecting previously unselected package libxcomposite1:amd64.
Preparing to unpack .../223-libxcomposite1_1%3a0.4.5-1_amd64.deb ...
Unpacking libxcomposite1:amd64 (1:0.4.5-1) ...
Selecting previously unselected package libxfixes3:amd64.
Preparing to unpack .../224-libxfixes3_1%3a6.0.0-2_amd64.deb ...
Unpacking libxfixes3:amd64 (1:6.0.0-2) ...
Selecting previously unselected package libxcursor1:amd64.
Preparing to unpack .../225-libxcursor1_1%3a1.2.1-1_amd64.deb ...
Unpacking libxcursor1:amd64 (1:1.2.1-1) ...
Selecting previously unselected package libxdamage1:amd64.
Preparing to unpack .../226-libxdamage1_1%3a1.1.6-1_amd64.deb ...
Unpacking libxdamage1:amd64 (1:1.1.6-1) ...
Selecting previously unselected package libxi6:amd64.
Preparing to unpack .../227-libxi6_2%3a1.8-1+b1_amd64.deb ...
Unpacking libxi6:amd64 (2:1.8-1+b1) ...
Selecting previously unselected package libxinerama1:amd64.
Preparing to unpack .../228-libxinerama1_2%3a1.1.4-3_amd64.deb ...
Unpacking libxinerama1:amd64 (2:1.1.4-3) ...
Selecting previously unselected package libxrandr2:amd64.
Preparing to unpack .../229-libxrandr2_2%3a1.5.2-2+b1_amd64.deb ...
Unpacking libxrandr2:amd64 (2:1.5.2-2+b1) ...
Selecting previously unselected package libgtk2.0-0:amd64.
Preparing to unpack .../230-libgtk2.0-0_2.24.33-2+deb12u1_amd64.deb ...
Unpacking libgtk2.0-0:amd64 (2.24.33-2+deb12u1) ...
Selecting previously unselected package libfm-gtk4:amd64.
Preparing to unpack .../231-libfm-gtk4_1.3.2-1_amd64.deb ...
Unpacking libfm-gtk4:amd64 (1.3.2-1) ...
Selecting previously unselected package libgif7:amd64.
Preparing to unpack .../232-libgif7_5.2.1-2.5+deb12u1_amd64.deb ...
Unpacking libgif7:amd64 (5.2.1-2.5+deb12u1) ...
Selecting previously unselected package libglvnd0:amd64.
Preparing to unpack .../233-libglvnd0_1.6.0-1_amd64.deb ...
Unpacking libglvnd0:amd64 (1.6.0-1) ...
Selecting previously unselected package libxcb-glx0:amd64.
Preparing to unpack .../234-libxcb-glx0_1.15-1_amd64.deb ...
Unpacking libxcb-glx0:amd64 (1.15-1) ...
Selecting previously unselected package libxxf86vm1:amd64.
Preparing to unpack .../235-libxxf86vm1_1%3a1.1.4-1+b2_amd64.deb ...
Unpacking libxxf86vm1:amd64 (1:1.1.4-1+b2) ...
Selecting previously unselected package libz3-4:amd64.
Preparing to unpack .../236-libz3-4_4.8.12-3.1_amd64.deb ...
Unpacking libz3-4:amd64 (4.8.12-3.1) ...
Selecting previously unselected package libllvm15:amd64.
Preparing to unpack .../237-libllvm15_1%3a15.0.6-4+b1_amd64.deb ...
Unpacking libllvm15:amd64 (1:15.0.6-4+b1) ...
Selecting previously unselected package libsensors-config.
Preparing to unpack .../238-libsensors-config_1%3a3.6.0-7.1_all.deb ...
Unpacking libsensors-config (1:3.6.0-7.1) ...
Selecting previously unselected package libsensors5:amd64.
Preparing to unpack .../239-libsensors5_1%3a3.6.0-7.1_amd64.deb ...
Unpacking libsensors5:amd64 (1:3.6.0-7.1) ...
Selecting previously unselected package libgl1-mesa-dri:amd64.
Preparing to unpack .../240-libgl1-mesa-dri_22.3.6-1+deb12u2_amd64.deb ...
Unpacking libgl1-mesa-dri:amd64 (22.3.6-1+deb12u2) ...
Selecting previously unselected package libglx-mesa0:amd64.
Preparing to unpack .../241-libglx-mesa0_22.3.6-1+deb12u2_amd64.deb ...
Unpacking libglx-mesa0:amd64 (22.3.6-1+deb12u2) ...
Selecting previously unselected package libglx0:amd64.
Preparing to unpack .../242-libglx0_1.6.0-1_amd64.deb ...
Unpacking libglx0:amd64 (1.6.0-1) ...
Selecting previously unselected package libgl1:amd64.
Preparing to unpack .../243-libgl1_1.6.0-1_amd64.deb ...
Unpacking libgl1:amd64 (1.6.0-1) ...
Selecting previously unselected package libgs-common.
Preparing to unpack .../244-libgs-common_10.0.0~dfsg-11+deb12u8_all.deb ...
Unpacking libgs-common (10.0.0~dfsg-11+deb12u8) ...
Selecting previously unselected package libgs10-common.
Preparing to unpack .../245-libgs10-common_10.0.0~dfsg-11+deb12u8_all.deb ...
Unpacking libgs10-common (10.0.0~dfsg-11+deb12u8) ...
Selecting previously unselected package libidn12:amd64.
Preparing to unpack .../246-libidn12_1.41-1_amd64.deb ...
Unpacking libidn12:amd64 (1.41-1) ...
Selecting previously unselected package libijs-0.35:amd64.
Preparing to unpack .../247-libijs-0.35_0.35-15_amd64.deb ...
Unpacking libijs-0.35:amd64 (0.35-15) ...
Selecting previously unselected package libjbig2dec0:amd64.
Preparing to unpack .../248-libjbig2dec0_0.19-3_amd64.deb ...
Unpacking libjbig2dec0:amd64 (0.19-3) ...
Selecting previously unselected package liblcms2-2:amd64.
Preparing to unpack .../249-liblcms2-2_2.14-2+deb12u1_amd64.deb ...
Unpacking liblcms2-2:amd64 (2.14-2+deb12u1) ...
Selecting previously unselected package libopenjp2-7:amd64.
Preparing to unpack .../250-libopenjp2-7_2.5.0-2+deb12u3_amd64.deb ...
Unpacking libopenjp2-7:amd64 (2.5.0-2+deb12u3) ...
Selecting previously unselected package libpaper1:amd64.
Preparing to unpack .../251-libpaper1_1.1.29_amd64.deb ...
Unpacking libpaper1:amd64 (1.1.29) ...
Selecting previously unselected package libice6:amd64.
Preparing to unpack .../252-libice6_2%3a1.0.10-1_amd64.deb ...
Unpacking libice6:amd64 (2:1.0.10-1) ...
Selecting previously unselected package libsm6:amd64.
Preparing to unpack .../253-libsm6_2%3a1.2.3-1_amd64.deb ...
Unpacking libsm6:amd64 (2:1.2.3-1) ...
Selecting previously unselected package libxt6:amd64.
Preparing to unpack .../254-libxt6_1%3a1.2.1-1.1_amd64.deb ...
Unpacking libxt6:amd64 (1:1.2.1-1.1) ...
Selecting previously unselected package libgs10:amd64.
Preparing to unpack .../255-libgs10_10.0.0~dfsg-11+deb12u8_amd64.deb ...
Unpacking libgs10:amd64 (10.0.0~dfsg-11+deb12u8) ...
Selecting previously unselected package libhwy1:amd64.
Preparing to unpack .../256-libhwy1_1.0.3-3+deb12u1_amd64.deb ...
Unpacking libhwy1:amd64 (1.0.3-3+deb12u1) ...
Selecting previously unselected package libid3tag0:amd64.
Preparing to unpack .../257-libid3tag0_0.15.1b-14_amd64.deb ...
Unpacking libid3tag0:amd64 (0.15.1b-14) ...
Selecting previously unselected package libjxl0.7:amd64.
Preparing to unpack .../258-libjxl0.7_0.7.0-10+deb12u1_amd64.deb ...
Unpacking libjxl0.7:amd64 (0.7.0-10+deb12u1) ...
Selecting previously unselected package librsvg2-2:amd64.
Preparing to unpack .../259-librsvg2-2_2.54.7+dfsg-1~deb12u1_amd64.deb ...
Unpacking librsvg2-2:amd64 (2.54.7+dfsg-1~deb12u1) ...
Selecting previously unselected package libspectre1:amd64.
Preparing to unpack .../260-libspectre1_0.2.12-1_amd64.deb ...
Unpacking libspectre1:amd64 (0.2.12-1) ...
Selecting previously unselected package libwebpdemux2:amd64.
Preparing to unpack .../261-libwebpdemux2_1.2.4-0.2+deb12u1_amd64.deb ...
Unpacking libwebpdemux2:amd64 (1.2.4-0.2+deb12u1) ...
Selecting previously unselected package libimlib2:amd64.
Preparing to unpack .../262-libimlib2_1.10.0-4+deb12u1_amd64.deb ...
Unpacking libimlib2:amd64 (1.10.0-4+deb12u1) ...
Selecting previously unselected package libwacom-common.
Preparing to unpack .../263-libwacom-common_2.6.0-1_all.deb ...
Unpacking libwacom-common (2.6.0-1) ...
Selecting previously unselected package libwacom9:amd64.
Preparing to unpack .../264-libwacom9_2.6.0-1_amd64.deb ...
Unpacking libwacom9:amd64 (2.6.0-1) ...
Selecting previously unselected package libinput-bin.
Preparing to unpack .../265-libinput-bin_1.22.1-1+deb12u1_amd64.deb ...
Unpacking libinput-bin (1.22.1-1+deb12u1) ...
Selecting previously unselected package libmtdev1:amd64.
Preparing to unpack .../266-libmtdev1_1.1.6-1_amd64.deb ...
Unpacking libmtdev1:amd64 (1.1.6-1) ...
Selecting previously unselected package libinput10:amd64.
Preparing to unpack .../267-libinput10_1.22.1-1+deb12u1_amd64.deb ...
Unpacking libinput10:amd64 (1.22.1-1+deb12u1) ...
Selecting previously unselected package libmm-glib0:amd64.
Preparing to unpack .../268-libmm-glib0_1.20.4-1_amd64.deb ...
Unpacking libmm-glib0:amd64 (1.20.4-1) ...
Selecting previously unselected package libndp0:amd64.
Preparing to unpack .../269-libndp0_1.8-1+deb12u1_amd64.deb ...
Unpacking libndp0:amd64 (1.8-1+deb12u1) ...
Selecting previously unselected package libnl-3-200:amd64.
Preparing to unpack .../270-libnl-3-200_3.7.0-0.2+b1_amd64.deb ...
Unpacking libnl-3-200:amd64 (3.7.0-0.2+b1) ...
Selecting previously unselected package libnl-genl-3-200:amd64.
Preparing to unpack .../271-libnl-genl-3-200_3.7.0-0.2+b1_amd64.deb ...
Unpacking libnl-genl-3-200:amd64 (3.7.0-0.2+b1) ...
Selecting previously unselected package libnl-route-3-200:amd64.
Preparing to unpack .../272-libnl-route-3-200_3.7.0-0.2+b1_amd64.deb ...
Unpacking libnl-route-3-200:amd64 (3.7.0-0.2+b1) ...
Selecting previously unselected package libnm0:amd64.
Preparing to unpack .../273-libnm0_1.42.4-1+deb12u1_amd64.deb ...
Unpacking libnm0:amd64 (1.42.4-1+deb12u1) ...
Selecting previously unselected package libobt2v5.
Preparing to unpack .../274-libobt2v5_3.6.1-10_amd64.deb ...
Unpacking libobt2v5 (3.6.1-10) ...
Selecting previously unselected package libxft2:amd64.
Preparing to unpack .../275-libxft2_2.3.6-1_amd64.deb ...
Unpacking libxft2:amd64 (2.3.6-1) ...
Selecting previously unselected package libpangoxft-1.0-0:amd64.
Preparing to unpack .../276-libpangoxft-1.0-0_1.50.12+ds-1_amd64.deb ...
Unpacking libpangoxft-1.0-0:amd64 (1.50.12+ds-1) ...
Selecting previously unselected package libobrender32v5.
Preparing to unpack .../277-libobrender32v5_3.6.1-10_amd64.deb ...
Unpacking libobrender32v5 (3.6.1-10) ...
Selecting previously unselected package libpcsclite1:amd64.
Preparing to unpack .../278-libpcsclite1_1.9.9-2_amd64.deb ...
Unpacking libpcsclite1:amd64 (1.9.9-2) ...
Selecting previously unselected package libxcb-util1:amd64.
Preparing to unpack .../279-libxcb-util1_0.4.0-1+b1_amd64.deb ...
Unpacking libxcb-util1:amd64 (0.4.0-1+b1) ...
Selecting previously unselected package libstartup-notification0:amd64.
Preparing to unpack .../280-libstartup-notification0_0.12-6+b1_amd64.deb ...
Unpacking libstartup-notification0:amd64 (0.12-6+b1) ...
Selecting previously unselected package libteamdctl0:amd64.
Preparing to unpack .../281-libteamdctl0_1.31-1_amd64.deb ...
Unpacking libteamdctl0:amd64 (1.31-1) ...
Selecting previously unselected package libunwind8:amd64.
Preparing to unpack .../282-libunwind8_1.6.2-3_amd64.deb ...
Unpacking libunwind8:amd64 (1.6.2-3) ...
Selecting previously unselected package libxatracker2:amd64.
Preparing to unpack .../283-libxatracker2_22.3.6-1+deb12u2_amd64.deb ...
Unpacking libxatracker2:amd64 (22.3.6-1+deb12u2) ...
Selecting previously unselected package libxmu6:amd64.
Preparing to unpack .../284-libxmu6_2%3a1.1.3-3_amd64.deb ...
Unpacking libxmu6:amd64 (2:1.1.3-3) ...
Selecting previously unselected package libxaw7:amd64.
Preparing to unpack .../285-libxaw7_2%3a1.0.14-1_amd64.deb ...
Unpacking libxaw7:amd64 (2:1.0.14-1) ...
Selecting previously unselected package libxcvt0:amd64.
Preparing to unpack .../286-libxcvt0_0.1.2-1_amd64.deb ...
Unpacking libxcvt0:amd64 (0.1.2-1) ...
Selecting previously unselected package libxfont2:amd64.
Preparing to unpack .../287-libxfont2_1%3a2.0.6-1+deb12u1_amd64.deb ...
Unpacking libxfont2:amd64 (1:2.0.6-1+deb12u1) ...
Selecting previously unselected package libxkbfile1:amd64.
Preparing to unpack .../288-libxkbfile1_1%3a1.1.0-1_amd64.deb ...
Unpacking libxkbfile1:amd64 (1:1.1.0-1) ...
Selecting previously unselected package libxmuu1:amd64.
Preparing to unpack .../289-libxmuu1_2%3a1.1.3-3_amd64.deb ...
Unpacking libxmuu1:amd64 (2:1.1.3-3) ...
Selecting previously unselected package linux-image-6.1.0-52-amd64.
Preparing to unpack .../290-linux-image-6.1.0-52-amd64_6.1.180-1_amd64.deb ...
Unpacking linux-image-6.1.0-52-amd64 (6.1.180-1) ...
Selecting previously unselected package linux-image-amd64.
Preparing to unpack .../291-linux-image-amd64_6.1.180-1_amd64.deb ...
Unpacking linux-image-amd64 (6.1.180-1) ...
Selecting previously unselected package live-boot-initramfs-tools.
Preparing to unpack .../292-live-boot-initramfs-tools_1%3a20230131+deb12u1_all.deb ...
Unpacking live-boot-initramfs-tools (1:20230131+deb12u1) ...
Selecting previously unselected package live-boot.
Preparing to unpack .../293-live-boot_1%3a20230131+deb12u1_all.deb ...
Unpacking live-boot (1:20230131+deb12u1) ...
Selecting previously unselected package live-config-systemd.
Preparing to unpack .../294-live-config-systemd_11.0.3+nmu1_all.deb ...
Unpacking live-config-systemd (11.0.3+nmu1) ...
Selecting previously unselected package live-config.
Preparing to unpack .../295-live-config_11.0.3+nmu1_all.deb ...
Unpacking live-config (11.0.3+nmu1) ...
Selecting previously unselected package xml-core.
Preparing to unpack .../296-xml-core_0.18+nmu1_all.deb ...
Unpacking xml-core (0.18+nmu1) ...
Selecting previously unselected package polkitd.
Preparing to unpack .../297-polkitd_122-3_amd64.deb ...
Unpacking polkitd (122-3) ...
Selecting previously unselected package network-manager.
Preparing to unpack .../298-network-manager_1.42.4-1+deb12u1_amd64.deb ...
Unpacking network-manager (1.42.4-1+deb12u1) ...
Selecting previously unselected package openbox.
Preparing to unpack .../299-openbox_3.6.1-10_amd64.deb ...
Unpacking openbox (3.6.1-10) ...
Selecting previously unselected package pcmanfm.
Preparing to unpack .../300-pcmanfm_1.3.2-1_amd64.deb ...
Unpacking pcmanfm (1.3.2-1) ...
Selecting previously unselected package wpasupplicant.
Preparing to unpack .../301-wpasupplicant_2%3a2.10-12+deb12u3_amd64.deb ...
Unpacking wpasupplicant (2:2.10-12+deb12u3) ...
Selecting previously unselected package x11-xkb-utils.
Preparing to unpack .../302-x11-xkb-utils_7.7+7_amd64.deb ...
Unpacking x11-xkb-utils (7.7+7) ...
Selecting previously unselected package x11-xserver-utils.
Preparing to unpack .../303-x11-xserver-utils_7.7+9+b1_amd64.deb ...
Unpacking x11-xserver-utils (7.7+9+b1) ...
Selecting previously unselected package xauth.
Preparing to unpack .../304-xauth_1%3a1.1.2-1_amd64.deb ...
Unpacking xauth (1:1.1.2-1) ...
Selecting previously unselected package xdg-user-dirs.
Preparing to unpack .../305-xdg-user-dirs_0.18-1_amd64.deb ...
Unpacking xdg-user-dirs (0.18-1) ...
Selecting previously unselected package xinit.
Preparing to unpack .../306-xinit_1.4.0-1_amd64.deb ...
Unpacking xinit (1.4.0-1) ...
Selecting previously unselected package xserver-common.
Preparing to unpack .../307-xserver-common_2%3a21.1.7-3+deb12u12_all.deb ...
Unpacking xserver-common (2:21.1.7-3+deb12u12) ...
Selecting previously unselected package libegl1:amd64.
Preparing to unpack .../308-libegl1_1.6.0-1_amd64.deb ...
Unpacking libegl1:amd64 (1.6.0-1) ...
Selecting previously unselected package xserver-xorg-core.
Preparing to unpack .../309-xserver-xorg-core_2%3a21.1.7-3+deb12u12_amd64.deb ...
Unpacking xserver-xorg-core (2:21.1.7-3+deb12u12) ...
Selecting previously unselected package xserver-xorg-video-amdgpu.
Preparing to unpack .../310-xserver-xorg-video-amdgpu_23.0.0-1_amd64.deb ...
Unpacking xserver-xorg-video-amdgpu (23.0.0-1) ...
Selecting previously unselected package xserver-xorg-video-radeon.
Preparing to unpack .../311-xserver-xorg-video-radeon_1%3a19.1.0-3_amd64.deb ...
Unpacking xserver-xorg-video-radeon (1:19.1.0-3) ...
Selecting previously unselected package xserver-xorg-video-ati.
Preparing to unpack .../312-xserver-xorg-video-ati_1%3a19.1.0-3_amd64.deb ...
Unpacking xserver-xorg-video-ati (1:19.1.0-3) ...
Selecting previously unselected package xserver-xorg-video-fbdev.
Preparing to unpack .../313-xserver-xorg-video-fbdev_1%3a0.5.0-2_amd64.deb ...
Unpacking xserver-xorg-video-fbdev (1:0.5.0-2) ...
Selecting previously unselected package xserver-xorg-video-nouveau.
Preparing to unpack .../314-xserver-xorg-video-nouveau_1%3a1.0.17-2_amd64.deb ...
Unpacking xserver-xorg-video-nouveau (1:1.0.17-2) ...
Selecting previously unselected package xserver-xorg-video-vesa.
Preparing to unpack .../315-xserver-xorg-video-vesa_1%3a2.5.0-1+b1_amd64.deb ...
Unpacking xserver-xorg-video-vesa (1:2.5.0-1+b1) ...
Selecting previously unselected package xserver-xorg-video-vmware.
Preparing to unpack .../316-xserver-xorg-video-vmware_1%3a13.3.0-3.1+b1_amd64.deb ...
Unpacking xserver-xorg-video-vmware (1:13.3.0-3.1+b1) ...
Selecting previously unselected package xserver-xorg-video-all.
Preparing to unpack .../317-xserver-xorg-video-all_1%3a7.7+23_amd64.deb ...
Unpacking xserver-xorg-video-all (1:7.7+23) ...
Selecting previously unselected package xserver-xorg-input-libinput.
Preparing to unpack .../318-xserver-xorg-input-libinput_1.2.1-1+b1_amd64.deb ...
Unpacking xserver-xorg-input-libinput (1.2.1-1+b1) ...
Selecting previously unselected package xserver-xorg-input-all.
Preparing to unpack .../319-xserver-xorg-input-all_1%3a7.7+23_amd64.deb ...
Unpacking xserver-xorg-input-all (1:7.7+23) ...
Selecting previously unselected package xserver-xorg.
Preparing to unpack .../320-xserver-xorg_1%3a7.7+23_amd64.deb ...
Unpacking xserver-xorg (1:7.7+23) ...
Setting up media-types (10.0.0) ...
Setting up liblmdb0:amd64 (0.9.24-1) ...
Setting up libgraphite2-3:amd64 (1.3.14-1+deb12u1) ...
Setting up liblcms2-2:amd64 (2.14-2+deb12u1) ...
Setting up libpixman-1-0:amd64 (0.42.2-1) ...
Setting up libudfread0:amd64 (1.1.2-1) ...
Setting up libwayland-server0:amd64 (1.21.0-1) ...
Setting up libaom3:amd64 (3.6.0-1+deb12u2) ...
Setting up libpciaccess0:amd64 (0.17-2) ...
Setting up libabsl20220623:amd64 (20220623.1-1+deb12u2) ...
Setting up libfm-gtk-data (1.3.2-1) ...
Setting up libxau6:amd64 (1:1.0.9-1) ...
Setting up libxdmcp6:amd64 (1:1.1.2-3) ...
Setting up libproxy1v5:amd64 (0.4.18-1.2) ...
Setting up libc-l10n (2.36-9+deb12u14) ...
Setting up libpsl5:amd64 (0.21.2-1) ...
Setting up libxcb1:amd64 (1.15-1) ...
Setting up libicu72:amd64 (72.1-3+deb12u1) ...
Setting up linux-base (4.12.1~deb12u1) ...
Setting up libxcb-xfixes0:amd64 (1.15-1) ...
Setting up libogg0:amd64 (1.3.5-3) ...
Setting up liblerc4:amd64 (4.0.0+ds-2) ...
Setting up libplist3:amd64 (2.2.0-6+b2) ...
Setting up hicolor-icon-theme (0.17-2) ...
Setting up libdatrie1:amd64 (0.2.13-2+b1) ...
Setting up firmware-linux-free (20200122-1) ...
Setting up xdg-user-dirs (0.18-1) ...
Setting up iucode-tool (2.3.1-3) ...
Setting up fonts-noto-color-emoji (2.042-0+deb12u1) ...
Setting up psmisc (23.6-1) ...
Setting up libxcb-render0:amd64 (1.15-1) ...
Setting up libglib2.0-0:amd64 (2.74.6-2+deb12u9) ...
Setting up libglvnd0:amd64 (1.6.0-1) ...
Setting up libtdb1:amd64 (1.4.8-2) ...
Setting up intel-microcode (3.20251111.1~deb12u1) ...
intel-microcode: microcode will be updated at next boot
Setting up libijs-0.35:amd64 (0.35-15) ...
Setting up libxcb-glx0:amd64 (1.15-1) ...
Setting up libgs-common (10.0.0~dfsg-11+deb12u8) ...
Setting up libbrotli1:amd64 (1.0.9-2+b6) ...
Setting up libsqlite3-0:amd64 (3.40.1-2+deb12u2) ...
Setting up libgdk-pixbuf2.0-common (2.42.10+dfsg-1+deb12u4) ...
Setting up libgdata-common (0.18.1-2) ...
Setting up firmware-misc-nonfree (20230210-5) ...
Setting up x11-common (1:7.7+23) ...
Running in chroot, ignoring request.
All runlevel operations denied by policy
invoke-rc.d: policy-rc.d denied execution of restart.
Setting up libsensors-config (1:3.6.0-7.1) ...
Setting up libnghttp2-14:amd64 (1.52.0-1+deb12u3) ...
Setting up libdeflate0:amd64 (1.14-1) ...
Setting up xkb-data (2.35.1-1) ...
Setting up libhwy1:amd64 (1.0.3-3+deb12u1) ...
Setting up libxcb-shm0:amd64 (1.15-1) ...
Setting up libsvtav1enc1:amd64 (1.4.1+dfsg-1) ...
Setting up libsoup-3.0-common (3.2.3-0+deb12u2) ...
Setting up libnfs13:amd64 (4.0.0-1+deb12u1) ...
Setting up libgomp1:amd64 (12.2.0-14+deb12u1) ...
Setting up libcdio19:amd64 (2.1.0-4) ...
Setting up locales (2.36-9+deb12u14) ...
Generating locales (this might take a while)...
Generation complete.
Setting up libunwind8:amd64 (1.6.2-3) ...
Setting up libjbig0:amd64 (2.1-6.1) ...
Setting up libwbclient0:amd64 (2:4.17.12+dfsg-0+deb12u4) ...
Setting up libfm-data (1.3.2-1) ...
Setting up librav1e0:amd64 (0.5.1-6) ...
Setting up libxcb-util1:amd64 (0.4.0-1+b1) ...
Setting up poppler-data (0.4.12-1) ...
Setting up lxmenu-data (0.1.5-2.1) ...
Setting up libsasl2-modules-db:amd64 (2.1.28+dfsg-10) ...
Setting up libnova-0.16-0:amd64 (0.16-5) ...
Setting up libxcb-present0:amd64 (1.15-1) ...
Setting up libtalloc2:amd64 (2.4.0-f2) ...
Setting up libdconf1:amd64 (0.40.0-4) ...
Setting up libid3tag0:amd64 (0.15.1b-14) ...
Setting up gdisk (1.0.9-2.1) ...
Setting up busybox (1:1.35.0-4+deb12u1+b1) ...
Setting up libklibc:amd64 (2.0.12-1) ...
Setting up libfontenc1:amd64 (1:1.1.4-1) ...
Setting up libz3-4:amd64 (4.8.12-3.1) ...
Setting up libjpeg62-turbo:amd64 (1:2.1.5-2) ...
Setting up libatasmart4:amd64 (0.19-5) ...
Setting up libtevent0:amd64 (0.14.1-1) ...
Setting up libblockdev-utils2:amd64 (2.28-2+deb12u1) ...
Setting up libx11-data (2:1.8.4-2+deb12u2) ...
Setting up libepoxy0:amd64 (1.5.10-1) ...
Setting up libmpfr6:amd64 (4.2.0-1) ...
Setting up libxcb-sync1:amd64 (1.15-1) ...
Setting up libjbig2dec0:amd64 (0.19-3) ...
Setting up librtmp1:amd64 (2.4+20151223.gitfa8646d.1-2+b2) ...
Setting up libavahi-common-data:amd64 (0.8-10+deb12u1) ...
Setting up libdbus-1-3:amd64 (1.14.10-1~deb12u1) ...
Setting up xfonts-encodings (1:1.0.4-2.2) ...
Setting up libfribidi0:amd64 (1.0.8-2.1) ...
Setting up libmtp-common (1.1.20-1) ...
Setting up libexif12:amd64 (0.6.24-1+deb12u1) ...
Setting up libpng16-16:amd64 (1.6.39-2+deb12u5) ...
Setting up libmpc3:amd64 (1.3.1-1) ...
Setting up libidn12:amd64 (1.41-1) ...
Setting up sudo (1.9.13p3-1+deb12u4) ...
Running in chroot, ignoring request.
All runlevel operations denied by policy
invoke-rc.d: policy-rc.d denied execution of start.
Setting up fonts-dejavu-core (2.37-6) ...
Setting up libgav1-1:amd64 (0.18.0-1+b1) ...
Setting up libpcsclite1:amd64 (1.9.9-2) ...
Setting up ucf (3.0043+nmu1+deb12u1) ...
Setting up libsensors5:amd64 (1:3.6.0-7.1) ...
Setting up libjxl0.7:amd64 (0.7.0-10+deb12u1) ...
Setting up libdav1d6:amd64 (1.0.0-2+deb12u1) ...
Setting up libltdl7:amd64 (2.4.7-7~deb12u1) ...
Setting up libindi-data (1.9.9+dfsg-2) ...
Setting up libfftw3-double3:amd64 (3.3.10-1) ...
Setting up libglapi-mesa:amd64 (22.3.6-1+deb12u2) ...
Setting up libnm0:amd64 (1.42.4-1+deb12u1) ...
Setting up libsasl2-2:amd64 (2.1.28+dfsg-10) ...
Setting up libmtdev1:amd64 (1.1.6-1) ...
Setting up lsof (4.95.0-1) ...
Setting up libsoup2.4-common (2.74.3-1+deb12u1) ...
Setting up libwebp7:amd64 (1.2.4-0.2+deb12u1) ...
Setting up libxcb-dri2-0:amd64 (1.15-1) ...
Setting up libgif7:amd64 (5.2.1-2.5+deb12u1) ...
Setting up libnuma1:amd64 (2.0.16-1) ...
Setting up libparted2:amd64 (3.5-3) ...
Setting up libparted-fs-resize0:amd64 (3.5-3) ...
Setting up libduktape207:amd64 (2.7.0-2) ...
Setting up libxshmfence1:amd64 (1.3-1) ...
Setting up libmm-glib0:amd64 (1.20.4-1) ...
Setting up libusbmuxd6:amd64 (2.0.2-3) ...
Setting up at-spi2-common (2.46.0-5) ...
Setting up libbluetooth3:amd64 (5.66-1+deb12u2) ...
Setting up libtiff6:amd64 (4.5.0-6+deb12u4) ...
Setting up libxcb-randr0:amd64 (1.15-1) ...
Setting up dbus-session-bus-common (1.14.10-1~deb12u1) ...
Setting up libnsl2:amd64 (1.3.0-2) ...
Setting up fonts-liberation (1:1.07.4-11) ...
Setting up libnl-3-200:amd64 (3.7.0-0.2+b1) ...
Setting up libxcvt0:amd64 (0.1.2-1) ...
Setting up live-config-systemd (11.0.3+nmu1) ...
Created symlink /etc/systemd/system/basic.target.wants/live-config.service → /lib/systemd/system/live-config.service.
Setting up libblockdev-part-err2:amd64 (2.28-2+deb12u1) ...
Setting up libopenjp2-7:amd64 (2.5.0-2+deb12u3) ...
Setting up libx11-6:amd64 (2:1.8.4-2+deb12u2) ...
Setting up libthai-data (0.1.29-1) ...
Setting up libssh2-1:amd64 (1.10.0-3+b1) ...
Setting up libjson-glib-1.0-common (1.6.6-1) ...
Setting up sgml-base (1.31) ...
Setting up libgtk2.0-common (2.24.33-2+deb12u1) ...
Setting up libatk1.0-0:amd64 (2.46.0-5) ...
Setting up libusb-1.0-0:amd64 (2:1.0.26-1) ...
Setting up libxkbfile1:amd64 (1:1.1.0-1) ...
Setting up libgphoto2-port12:amd64 (2.5.30-1) ...
Setting up libndp0:amd64 (1.8-1+deb12u1) ...
Setting up keyboard-configuration (1.221) ...
cat: '/sys/bus/usb/devices/*:*/bInterfaceClass': No such file or directory
cat: '/sys/bus/usb/devices/*:*/bInterfaceSubClass': No such file or directory
cat: '/sys/bus/usb/devices/*:*/bInterfaceProtocol': No such file or directory
Setting up glib-networking-common (2.74.0-4) ...
Setting up libgck-1-0:amd64 (3.41.1-1+b1) ...
Setting up dbus-system-bus-common (1.14.10-1~deb12u1) ...
Setting up libisl23:amd64 (0.25-1.1) ...
Setting up libde265-0:amd64 (1.0.11-1+deb12u2) ...
Setting up klibc-utils (2.0.12-1) ...
No diversion 'diversion of /usr/share/initramfs-tools/hooks/klibc to /usr/share/initramfs-tools/hooks/klibc^i-t by klibc-utils', none removed.
Setting up libimobiledevice6:amd64 (1.3.0-6+b3) ...
Setting up openssl (3.0.20-1~deb12u2) ...
Setting up libdrm-common (2.4.114-1) ...
Setting up libyuv0:amd64 (0.0~git20230123.b2528b0-1) ...
Setting up libxcomposite1:amd64 (1:0.4.5-1) ...
Setting up libgcr-base-3-1:amd64 (3.41.1-1+b1) ...
Setting up libevdev2:amd64 (1.13.0+dfsg-1) ...
Setting up libxml2:amd64 (2.9.14+dfsg-1.3~deb12u6) ...
Setting up fonts-noto-core (20201225-1) ...
Setting up libxmuu1:amd64 (2:1.1.3-3) ...
Setting up dbus-bin (1.14.10-1~deb12u1) ...
Setting up libgudev-1.0-0:amd64 (237-2) ...
Setting up libpolkit-gobject-1-0:amd64 (122-3) ...
Setting up libsecret-common (0.20.5-3) ...
Setting up firmware-amd-graphics (20230210-5) ...
Setting up libudisks2-0:amd64 (2.9.4-4+deb12u2) ...
Setting up libwacom-common (2.6.0-1) ...
Setting up libwayland-client0:amd64 (1.21.0-1) ...
Setting up libxcb-dri3-0:amd64 (1.15-1) ...
Setting up glib-networking-services (2.74.0-4) ...
Setting up libpaper1:amd64 (1.1.29) ...

Creating config file /etc/papersize with new version
Setting up libx11-xcb1:amd64 (2:1.8.4-2+deb12u2) ...
Setting up libice6:amd64 (2:1.0.10-1) ...
Setting up cpp-12 (12.2.0-14+deb12u1) ...
Setting up libxdamage1:amd64 (1:1.1.6-1) ...
Setting up desktop-file-utils (0.26-1) ...
Setting up libblockdev-swap2:amd64 (2.28-2+deb12u1) ...
Setting up libxpm4:amd64 (1:3.5.12-1.1+deb12u1) ...
Setting up libavif15:amd64 (0.11.1-1+deb12u1) ...
Setting up libfm-extra4:amd64 (1.3.2-1) ...
Setting up libxrender1:amd64 (1:0.9.10-1.1) ...
Setting up libarchive13:amd64 (3.6.2-1+deb12u4) ...
Setting up libwacom9:amd64 (2.6.0-1) ...
Setting up libcdio-cdda2:amd64 (10.2+2.0.1-1) ...
Setting up fontconfig-config (2.14.1-4) ...
Setting up libcdio-paranoia2:amd64 (10.2+2.0.1-1) ...
Setting up libwebpdemux2:amd64 (1.2.4-0.2+deb12u1) ...
Setting up libpython3.11-stdlib:amd64 (3.11.2-6+deb12u8) ...
Setting up libavahi-common3:amd64 (0.8-10+deb12u1) ...
Setting up libxext6:amd64 (2:1.3.4-1+b1) ...
Setting up parted (3.5-3) ...
Setting up libblockdev-loop2:amd64 (2.28-2+deb12u1) ...
Setting up libblockdev2:amd64 (2.28-2+deb12u1) ...
Setting up dbus-daemon (1.14.10-1~deb12u1) ...
Setting up libblockdev-part2:amd64 (2.28-2+deb12u1) ...
Setting up libldap-2.5-0:amd64 (2.5.13+dfsg-5) ...
Setting up live-config (11.0.3+nmu1) ...
Setting up libjson-glib-1.0-0:amd64 (1.6.6-1) ...
Setting up libxxf86vm1:amd64 (1:1.1.4-1+b2) ...
Setting up libinput-bin (1.22.1-1+deb12u1) ...
Setting up libnl-route-3-200:amd64 (3.7.0-0.2+b1) ...
Setting up libthai0:amd64 (0.1.29-1) ...
Setting up ca-certificates (20230311+deb12u1) ...
Updating certificates in /etc/ssl/certs...
142 added, 0 removed; done.
Setting up libsecret-1-0:amd64 (0.20.5-3) ...
Setting up libfreetype6:amd64 (2.12.1+dfsg-5+deb12u4) ...
Setting up libxfixes3:amd64 (1:6.0.0-2) ...
Setting up libdbus-glib-1-2:amd64 (0.112-3) ...
Setting up libteamdctl0:amd64 (1.31-1) ...
Setting up dbus (1.14.10-1~deb12u1) ...
Running in chroot, ignoring request.
All runlevel operations denied by policy
invoke-rc.d: policy-rc.d denied execution of start.
Setting up shared-mime-info (2.2-1) ...
Setting up libxinerama1:amd64 (2:1.1.4-3) ...
Setting up libxrandr2:amd64 (2:1.5.2-2+b1) ...
Setting up libobt2v5 (3.6.1-10) ...
Setting up libblockdev-fs2:amd64 (2.28-2+deb12u1) ...
Setting up libx265-199:amd64 (3.5-2+b1) ...
Setting up firmware-linux-nonfree (20230210-5) ...
Setting up libdrm2:amd64 (2.4.114-1+b1) ...
Setting up xauth (1:1.1.2-1) ...
Setting up dbus-x11 (1.14.10-1~deb12u1) ...
Setting up cpp (4:12.2.0-3) ...
Setting up xml-core (0.18+nmu1) ...
Setting up libllvm15:amd64 (1:15.0.6-4+b1) ...
Setting up libnl-genl-3-200:amd64 (3.7.0-0.2+b1) ...
Setting up libpam-systemd:amd64 (252.39-1~deb12u2) ...
Setting up libcurl4:amd64 (7.88.1-10+deb12u15) ...
Setting up libpolkit-agent-1-0:amd64 (122-3) ...
Setting up libharfbuzz0b:amd64 (6.0.0+dfsg-3) ...
Setting up libmtp9:amd64 (1.1.20-1) ...
Setting up libgdk-pixbuf-2.0-0:amd64 (2.42.10+dfsg-1+deb12u4) ...
Setting up libavahi-glib1:amd64 (0.8-10+deb12u1) ...
Setting up libfontconfig1:amd64 (2.14.1-4) ...
Setting up libmenu-cache-bin (1.1.0-1.1) ...
Setting up initramfs-tools-core (0.142+deb12u3) ...
Setting up libbluray2:amd64 (1:1.3.4-1) ...
Setting up firmware-linux (20230210-5) ...
Setting up libldb2:amd64 (2:2.6.2+samba4.17.12+dfsg-0+deb12u4) ...
Setting up gvfs-common (1.50.3-1+deb12u1) ...
Setting up libsm6:amd64 (2:1.2.3-1) ...
Setting up libxfont2:amd64 (1:2.0.6-1+deb12u1) ...
Setting up libavahi-client3:amd64 (0.8-10+deb12u1) ...
Setting up libpython3-stdlib:amd64 (3.11.2-1+b1) ...
Setting up libdrm-amdgpu1:amd64 (2.4.114-1+b1) ...
Setting up libstartup-notification0:amd64 (0.12-6+b1) ...
Setting up libinput10:amd64 (1.22.1-1+deb12u1) ...
Setting up xinit (1.4.0-1) ...
Setting up gtk-update-icon-cache (3.24.38-2~deb12u3) ...
Setting up udisks2 (2.9.4-4+deb12u2) ...
Running in chroot, ignoring request.
Created symlink /etc/systemd/system/graphical.target.wants/udisks2.service → /lib/systemd/system/udisks2.service.
Setting up python3.11 (3.11.2-6+deb12u8) ...
Setting up fontconfig (2.14.1-4) ...
Regenerating fonts cache... done.
Setting up libxft2:amd64 (2.3.6-1) ...
Setting up libdrm-nouveau2:amd64 (2.4.114-1+b1) ...
Setting up initramfs-tools (0.142+deb12u3) ...
update-initramfs: deferring update (trigger activated)
Setting up libxi6:amd64 (2:1.8-1+b1) ...
Setting up libgbm1:amd64 (22.3.6-1+deb12u2) ...
Setting up libdrm-radeon1:amd64 (2.4.114-1+b1) ...
Setting up libxcursor1:amd64 (1:1.2.1-1) ...
Setting up libpango-1.0-0:amd64 (1.50.12+ds-1) ...
Setting up libdrm-intel1:amd64 (2.4.114-1+b1) ...
Setting up libgl1-mesa-dri:amd64 (22.3.6-1+deb12u2) ...
Setting up libheif1:amd64 (1.15.1-1+deb12u1) ...
Setting up samba-libs:amd64 (2:4.17.12+dfsg-0+deb12u4) ...
Setting up libcurl3-gnutls:amd64 (7.88.1-10+deb12u15) ...
Setting up dconf-service (0.40.0-4) ...
Setting up python3 (3.11.2-1+b1) ...
Setting up libcfitsio10:amd64 (4.2.0-3) ...
Setting up xfonts-utils (1:7.7+6) ...
Setting up libcairo2:amd64 (1.16.0-7) ...
Setting up libxatracker2:amd64 (22.3.6-1+deb12u2) ...
Setting up wpasupplicant (2:2.10-12+deb12u3) ...
Created symlink /etc/systemd/system/dbus-fi.w1.wpa_supplicant1.service → /lib/systemd/system/wpa_supplicant.service.
Created symlink /etc/systemd/system/multi-user.target.wants/wpa_supplicant.service → /lib/systemd/system/wpa_supplicant.service.
Setting up libegl-mesa0:amd64 (22.3.6-1+deb12u2) ...
Setting up adwaita-icon-theme (43-1) ...
update-alternatives: using /usr/share/icons/Adwaita/cursor.theme to provide /usr/share/icons/default/index.theme (x-cursor-theme) in auto mode
Setting up libgd3:amd64 (2.3.3-9) ...
Setting up libxt6:amd64 (1:1.2.1-1.1) ...
Setting up libsmbclient:amd64 (2:4.17.12+dfsg-0+deb12u4) ...
Setting up libcups2:amd64 (2.4.2-3+deb12u9) ...
Setting up libtheora0:amd64 (1.1.1+dfsg.1-16.1+deb12u1) ...
Setting up libegl1:amd64 (1.6.0-1) ...
Setting up libmenu-cache3:amd64 (1.1.0-1.1) ...
Setting up libcairo-gobject2:amd64 (1.16.0-7) ...
Setting up live-boot-initramfs-tools (1:20230131+deb12u1) ...
update-initramfs: deferring update (trigger activated)
Setting up libpangoft2-1.0-0:amd64 (1.50.12+ds-1) ...
Setting up libpangocairo-1.0-0:amd64 (1.50.12+ds-1) ...
Setting up linux-image-6.1.0-52-amd64 (6.1.180-1) ...
I: /vmlinuz.old is now a symlink to boot/vmlinuz-6.1.0-52-amd64
I: /initrd.img.old is now a symlink to boot/initrd.img-6.1.0-52-amd64
I: /vmlinuz is now a symlink to boot/vmlinuz-6.1.0-52-amd64
I: /initrd.img is now a symlink to boot/initrd.img-6.1.0-52-amd64
/etc/kernel/postinst.d/initramfs-tools:
update-initramfs: Generating /boot/initrd.img-6.1.0-52-amd64
W: No zstd in /usr/bin:/sbin:/bin, using gzip
live-boot: core filesystems dm-verity devices utils udev blockdev dns.
Setting up libxmu6:amd64 (2:1.1.3-3) ...
Setting up libglx-mesa0:amd64 (22.3.6-1+deb12u2) ...
Setting up libpangoxft-1.0-0:amd64 (1.50.12+ds-1) ...
Setting up libglx0:amd64 (1.6.0-1) ...
Setting up dconf-gsettings-backend:amd64 (0.40.0-4) ...
Setting up libgtk2.0-0:amd64 (2.24.33-2+deb12u1) ...
Setting up libxaw7:amd64 (2:1.0.14-1) ...
Setting up fonts-urw-base35 (20200910-7) ...
Setting up linux-image-amd64 (6.1.180-1) ...
Setting up libindidriver1:amd64 (1.9.9+dfsg-2+b1) ...
Setting up x11-xserver-utils (7.7+9+b1) ...
Setting up live-boot (1:20230131+deb12u1) ...
Setting up librsvg2-2:amd64 (2.54.7+dfsg-1~deb12u1) ...
Setting up libgphoto2-6:amd64 (2.5.30-1) ...
Setting up libgl1:amd64 (1.6.0-1) ...
Setting up libfm4:amd64 (1.3.2-1) ...
Setting up libgoa-1.0-common (3.46.0-1) ...
Setting up libfm-gtk4:amd64 (1.3.2-1) ...
Setting up gsettings-desktop-schemas (43.0-1) ...
Setting up libgs10-common (10.0.0~dfsg-11+deb12u8) ...
Setting up pcmanfm (1.3.2-1) ...
Setting up indi-dsi (0.4+20221223123028-1) ...
Setting up x11-xkb-utils (7.7+7) ...
Setting up libgoa-1.0-0b:amd64 (3.46.0-1) ...
Setting up gvfs-libs:amd64 (1.50.3-1+deb12u1) ...
Setting up xserver-common (2:21.1.7-3+deb12u12) ...
Setting up glib-networking:amd64 (2.74.0-4) ...
Setting up libgs10:amd64 (10.0.0~dfsg-11+deb12u8) ...
Setting up libsoup2.4-1:amd64 (2.74.3-1+deb12u1) ...
Setting up libsoup-3.0-0:amd64 (3.2.3-0+deb12u2) ...
Setting up xserver-xorg-core (2:21.1.7-3+deb12u12) ...
Setting up libspectre1:amd64 (0.2.12-1) ...
Setting up xserver-xorg-video-radeon (1:19.1.0-3) ...
Setting up gvfs-daemons (1.50.3-1+deb12u1) ...
Setting up xserver-xorg-video-fbdev (1:0.5.0-2) ...
Setting up xserver-xorg-video-vmware (1:13.3.0-3.1+b1) ...
Setting up libimlib2:amd64 (1.10.0-4+deb12u1) ...
Setting up xserver-xorg-video-vesa (1:2.5.0-1+b1) ...
Setting up libobrender32v5 (3.6.1-10) ...
Setting up libgdata22:amd64 (0.18.1-2) ...
Setting up gvfs:amd64 (1.50.3-1+deb12u1) ...
Setting up xserver-xorg-video-amdgpu (23.0.0-1) ...
Setting up xserver-xorg-video-nouveau (1:1.0.17-2) ...
Setting up xserver-xorg-input-libinput (1.2.1-1+b1) ...
Setting up xserver-xorg-video-ati (1:19.1.0-3) ...
Setting up gvfs-backends (1.50.3-1+deb12u1) ...
Setting up openbox (3.6.1-10) ...
update-alternatives: using /usr/bin/openbox to provide /usr/bin/x-window-manager (x-window-manager) in auto mode
update-alternatives: using /usr/bin/openbox-session to provide /usr/bin/x-session-manager (x-session-manager) in auto mode
Setting up xserver-xorg-video-all (1:7.7+23) ...
Setting up xserver-xorg-input-all (1:7.7+23) ...
Setting up xserver-xorg (1:7.7+23) ...
Processing triggers for libc-bin (2.36-9+deb12u14) ...
Processing triggers for systemd (252.39-1~deb12u2) ...
Processing triggers for udev (252.39-1~deb12u2) ...
Processing triggers for sgml-base (1.31) ...
Setting up polkitd (122-3) ...
Creating group 'polkitd' with GID 997.
Creating user 'polkitd' (polkit) with UID 997 and GID 997.
Running in chroot, ignoring request.
All runlevel operations denied by policy
invoke-rc.d: policy-rc.d denied execution of reload.
Setting up network-manager (1.42.4-1+deb12u1) ...
Created symlink /etc/systemd/system/dbus-org.freedesktop.nm-dispatcher.service → /lib/systemd/system/NetworkManager-dispatcher.service.
Created symlink /etc/systemd/system/network-online.target.wants/NetworkManager-wait-online.service → /lib/systemd/system/NetworkManager-wait-online.service.
Created symlink /etc/systemd/system/multi-user.target.wants/NetworkManager.service → /lib/systemd/system/NetworkManager.service.
Processing triggers for ca-certificates (20230311+deb12u1) ...
Updating certificates in /etc/ssl/certs...
0 added, 0 removed; done.
Running hooks in /etc/ca-certificates/update.d...
done.
Processing triggers for initramfs-tools (0.142+deb12u3) ...
update-initramfs: Generating /boot/initrd.img-6.1.0-52-amd64
W: No zstd in /usr/bin:/sbin:/bin, using gzip
live-boot: core filesystems dm-verity devices utils udev blockdev dns.
Processing triggers for dbus (1.14.10-1~deb12u1) ...
Reading package lists...
Building dependency tree...
Reading state information...
Reading package lists...
Building dependency tree...
Reading state information...
0 upgraded, 0 newly installed, 0 to remove and 0 not upgraded.
[2026-08-06 05:29:48] lb_chroot_package-lists live
P: Begin queueing installation of package lists (live pass)...
Reading package lists...
Building dependency tree...
Reading state information...
Suggested packages:
  debtags
The following NEW packages will be installed:
  dctrl-tools
0 upgraded, 1 newly installed, 0 to remove and 0 not upgraded.
Need to get 104 kB of archives.
After this operation, 432 kB of additional disk space will be used.
Get:1 http://deb.debian.org/debian bookworm/main amd64 dctrl-tools amd64 2.24-3+b1 [104 kB]
Fetched 104 kB in 0s (1639 kB/s)
Selecting previously unselected package dctrl-tools.
(Reading database ... (Reading database ... 5%(Reading database ... 10%(Reading database ... 15%(Reading database ... 20%(Reading database ... 25%(Reading database ... 30%(Reading database ... 35%(Reading database ... 40%(Reading database ... 45%(Reading database ... 50%(Reading database ... 55%(Reading database ... 60%(Reading database ... 65%(Reading database ... 70%(Reading database ... 75%(Reading database ... 80%(Reading database ... 85%(Reading database ... 90%(Reading database ... 95%(Reading database ... 100%(Reading database ... 31685 files and directories currently installed.)
Preparing to unpack .../dctrl-tools_2.24-3+b1_amd64.deb ...
Unpacking dctrl-tools (2.24-3+b1) ...
Setting up dctrl-tools (2.24-3+b1) ...
Reading package lists...
Building dependency tree...
Reading state information...
The following packages will be REMOVED:
  dctrl-tools*
0 upgraded, 0 newly installed, 1 to remove and 0 not upgraded.
After this operation, 432 kB disk space will be freed.
(Reading database ... (Reading database ... 5%(Reading database ... 10%(Reading database ... 15%(Reading database ... 20%(Reading database ... 25%(Reading database ... 30%(Reading database ... 35%(Reading database ... 40%(Reading database ... 45%(Reading database ... 50%(Reading database ... 55%(Reading database ... 60%(Reading database ... 65%(Reading database ... 70%(Reading database ... 75%(Reading database ... 80%(Reading database ... 85%(Reading database ... 90%(Reading database ... 95%(Reading database ... 100%(Reading database ... 31726 files and directories currently installed.)
Removing dctrl-tools (2.24-3+b1) ...
(Reading database ... (Reading database ... 5%(Reading database ... 10%(Reading database ... 15%(Reading database ... 20%(Reading database ... 25%(Reading database ... 30%(Reading database ... 35%(Reading database ... 40%(Reading database ... 45%(Reading database ... 50%(Reading database ... 55%(Reading database ... 60%(Reading database ... 65%(Reading database ... 70%(Reading database ... 75%(Reading database ... 80%(Reading database ... 85%(Reading database ... 90%(Reading database ... 95%(Reading database ... 100%(Reading database ... 31685 files and directories currently installed.)
Purging configuration files for dctrl-tools (2.24-3+b1) ...
Reading package lists...
Building dependency tree...
Reading state information...
[2026-08-06 05:29:50] lb_chroot_install-packages live
P: Begin installing packages (live pass)...
Reading package lists...
Building dependency tree...
Reading state information...
linux-image-amd64 is already the newest version (6.1.180-1).
live-boot is already the newest version (1:20230131+deb12u1).
live-config is already the newest version (11.0.3+nmu1).
systemd-sysv is already the newest version (252.39-1~deb12u2).
sudo is already the newest version (1.9.13p3-1+deb12u4).
locales is already the newest version (2.36-9+deb12u14).
xserver-xorg is already the newest version (1:7.7+23).
xinit is already the newest version (1.4.0-1).
x11-xserver-utils is already the newest version (7.7+9+b1).
dbus-x11 is already the newest version (1.14.10-1~deb12u1).
openbox is already the newest version (3.6.1-10).
pcmanfm is already the newest version (1.3.2-1).
shared-mime-info is already the newest version (2.2-1).
desktop-file-utils is already the newest version (0.26-1).
xdg-user-dirs is already the newest version (0.18-1).
adwaita-icon-theme is already the newest version (43-1).
hicolor-icon-theme is already the newest version (0.17-2).
fonts-dejavu-core is already the newest version (2.37-6).
fonts-liberation is already the newest version (1:1.07.4-11).
fonts-noto-core is already the newest version (20201225-1).
fonts-noto-color-emoji is already the newest version (2.042-0+deb12u1).
ca-certificates is already the newest version (20230311+deb12u1).
network-manager is already the newest version (1.42.4-1+deb12u1).
wpasupplicant is already the newest version (2:2.10-12+deb12u3).
udisks2 is already the newest version (2.9.4-4+deb12u2).
gvfs is already the newest version (1.50.3-1+deb12u1).
gvfs-backends is already the newest version (1.50.3-1+deb12u1).
polkitd is already the newest version (122-3).
0 upgraded, 0 newly installed, 0 to remove and 0 not upgraded.
Reading package lists...
Building dependency tree...
Reading state information...
[2026-08-06 05:29:52] lb_chroot_live-packages 
Reading package lists...
Building dependency tree...
Reading state information...
live-boot is already the newest version (1:20230131+deb12u1).
live-config is already the newest version (11.0.3+nmu1).
The following packages were automatically installed and are no longer required:
  libbluetooth3 libduktape207 libmm-glib0 libndp0 libnm0 libteamdctl0
  sgml-base xml-core
Use 'apt autoremove' to remove them.
The following additional packages will be installed:
  initscripts insserv startpar sysv-rc sysvinit-core
Suggested packages:
  bootchart2 bootlogd
Recommended packages:
  orphan-sysvinit-scripts
The following packages will be REMOVED:
  libpam-systemd live-config-systemd network-manager polkitd systemd-sysv
The following NEW packages will be installed:
  initscripts insserv live-config-sysvinit startpar sysv-rc sysvinit-core
0 upgraded, 6 newly installed, 5 to remove and 0 not upgraded.
Need to get 380 kB of archives.
After this operation, 15.8 MB disk space will be freed.
Get:1 http://deb.debian.org/debian bookworm/main amd64 sysvinit-core amd64 3.06-4 [182 kB]
Get:2 http://deb.debian.org/debian bookworm/main amd64 insserv amd64 1.24.0-1 [70.1 kB]
Get:3 http://deb.debian.org/debian bookworm/main amd64 startpar amd64 0.65-1+b1 [24.3 kB]
Get:4 http://deb.debian.org/debian bookworm/main amd64 sysv-rc all 3.06-4 [37.3 kB]
Get:5 http://deb.debian.org/debian bookworm/main amd64 initscripts all 3.06-4 [61.4 kB]
Get:6 http://deb.debian.org/debian bookworm/main amd64 live-config-sysvinit all 11.0.3+nmu1 [4748 B]
Preconfiguring packages ...
Fetched 380 kB in 0s (2662 kB/s)
(Reading database ... (Reading database ... 5%(Reading database ... 10%(Reading database ... 15%(Reading database ... 20%(Reading database ... 25%(Reading database ... 30%(Reading database ... 35%(Reading database ... 40%(Reading database ... 45%(Reading database ... 50%(Reading database ... 55%(Reading database ... 60%(Reading database ... 65%(Reading database ... 70%(Reading database ... 75%(Reading database ... 80%(Reading database ... 85%(Reading database ... 90%(Reading database ... 95%(Reading database ... 100%(Reading database ... 31685 files and directories currently installed.)
Removing network-manager (1.42.4-1+deb12u1) ...
Removing polkitd (122-3) ...
Removing libpam-systemd:amd64 (252.39-1~deb12u2) ...
dpkg: systemd-sysv: dependency problems, but removing anyway as you requested:
 init depends on systemd-sysv | sysvinit-core; however:
  Package systemd-sysv is to be removed.
  Package sysvinit-core is not installed.

Removing systemd-sysv (252.39-1~deb12u2) ...
Selecting previously unselected package sysvinit-core.
(Reading database ... (Reading database ... 5%(Reading database ... 10%(Reading database ... 15%(Reading database ... 20%(Reading database ... 25%(Reading database ... 30%(Reading database ... 35%(Reading database ... 40%(Reading database ... 45%(Reading database ... 50%(Reading database ... 55%(Reading database ... 60%(Reading database ... 65%(Reading database ... 70%(Reading database ... 75%(Reading database ... 80%(Reading database ... 85%(Reading database ... 90%(Reading database ... 95%(Reading database ... 100%(Reading database ... 31438 files and directories currently installed.)
Preparing to unpack .../sysvinit-core_3.06-4_amd64.deb ...
Adding 'diversion of /usr/share/man/de/man8/init.8.gz to /usr/share/man/de/man8/init.8.dist by sysvinit-core'
Adding 'diversion of /usr/share/man/de/man8/halt.8.gz to /usr/share/man/de/man8/halt.8.dist by sysvinit-core'
Adding 'diversion of /usr/share/man/de/man8/poweroff.8.gz to /usr/share/man/de/man8/poweroff.8.dist by sysvinit-core'
Adding 'diversion of /usr/share/man/de/man8/reboot.8.gz to /usr/share/man/de/man8/reboot.8.dist by sysvinit-core'
Adding 'diversion of /usr/share/man/de/man8/runlevel.8.gz to /usr/share/man/de/man8/runlevel.8.dist by sysvinit-core'
Adding 'diversion of /usr/share/man/de/man8/shutdown.8.gz to /usr/share/man/de/man8/shutdown.8.dist by sysvinit-core'
Adding 'diversion of /usr/share/man/de/man8/telinit.8.gz to /usr/share/man/de/man8/telinit.8.dist by sysvinit-core'
Adding 'diversion of /usr/share/man/es/man8/init.8.gz to /usr/share/man/es/man8/init.8.dist by sysvinit-core'
Adding 'diversion of /usr/share/man/es/man8/halt.8.gz to /usr/share/man/es/man8/halt.8.dist by sysvinit-core'
Adding 'diversion of /usr/share/man/es/man8/poweroff.8.gz to /usr/share/man/es/man8/poweroff.8.dist by sysvinit-core'
Adding 'diversion of /usr/share/man/es/man8/reboot.8.gz to /usr/share/man/es/man8/reboot.8.dist by sysvinit-core'
Adding 'diversion of /usr/share/man/es/man8/runlevel.8.gz to /usr/share/man/es/man8/runlevel.8.dist by sysvinit-core'
Adding 'diversion of /usr/share/man/es/man8/shutdown.8.gz to /usr/share/man/es/man8/shutdown.8.dist by sysvinit-core'
Adding 'diversion of /usr/share/man/es/man8/telinit.8.gz to /usr/share/man/es/man8/telinit.8.dist by sysvinit-core'
Adding 'diversion of /usr/share/man/fi/man8/init.8.gz to /usr/share/man/fi/man8/init.8.dist by sysvinit-core'
Adding 'diversion of /usr/share/man/fi/man8/halt.8.gz to /usr/share/man/fi/man8/halt.8.dist by sysvinit-core'
Adding 'diversion of /usr/share/man/fi/man8/poweroff.8.gz to /usr/share/man/fi/man8/poweroff.8.dist by sysvinit-core'
Adding 'diversion of /usr/share/man/fi/man8/reboot.8.gz to /usr/share/man/fi/man8/reboot.8.dist by sysvinit-core'
Adding 'diversion of /usr/share/man/fi/man8/runlevel.8.gz to /usr/share/man/fi/man8/runlevel.8.dist by sysvinit-core'
Adding 'diversion of /usr/share/man/fi/man8/shutdown.8.gz to /usr/share/man/fi/man8/shutdown.8.dist by sysvinit-core'
Adding 'diversion of /usr/share/man/fi/man8/telinit.8.gz to /usr/share/man/fi/man8/telinit.8.dist by sysvinit-core'
Adding 'diversion of /usr/share/man/fr/man8/init.8.gz to /usr/share/man/fr/man8/init.8.dist by sysvinit-core'
Adding 'diversion of /usr/share/man/fr/man8/halt.8.gz to /usr/share/man/fr/man8/halt.8.dist by sysvinit-core'
Adding 'diversion of /usr/share/man/fr/man8/poweroff.8.gz to /usr/share/man/fr/man8/poweroff.8.dist by sysvinit-core'
Adding 'diversion of /usr/share/man/fr/man8/reboot.8.gz to /usr/share/man/fr/man8/reboot.8.dist by sysvinit-core'
Adding 'diversion of /usr/share/man/fr/man8/runlevel.8.gz to /usr/share/man/fr/man8/runlevel.8.dist by sysvinit-core'
Adding 'diversion of /usr/share/man/fr/man8/shutdown.8.gz to /usr/share/man/fr/man8/shutdown.8.dist by sysvinit-core'
Adding 'diversion of /usr/share/man/fr/man8/telinit.8.gz to /usr/share/man/fr/man8/telinit.8.dist by sysvinit-core'
Adding 'diversion of /usr/share/man/hu/man8/init.8.gz to /usr/share/man/hu/man8/init.8.dist by sysvinit-core'
Adding 'diversion of /usr/share/man/hu/man8/halt.8.gz to /usr/share/man/hu/man8/halt.8.dist by sysvinit-core'
Adding 'diversion of /usr/share/man/hu/man8/poweroff.8.gz to /usr/share/man/hu/man8/poweroff.8.dist by sysvinit-core'
Adding 'diversion of /usr/share/man/hu/man8/reboot.8.gz to /usr/share/man/hu/man8/reboot.8.dist by sysvinit-core'
Adding 'diversion of /usr/share/man/hu/man8/runlevel.8.gz to /usr/share/man/hu/man8/runlevel.8.dist by sysvinit-core'
Adding 'diversion of /usr/share/man/hu/man8/shutdown.8.gz to /usr/share/man/hu/man8/shutdown.8.dist by sysvinit-core'
Adding 'diversion of /usr/share/man/hu/man8/telinit.8.gz to /usr/share/man/hu/man8/telinit.8.dist by sysvinit-core'
Adding 'diversion of /usr/share/man/id/man8/init.8.gz to /usr/share/man/id/man8/init.8.dist by sysvinit-core'
Adding 'diversion of /usr/share/man/id/man8/halt.8.gz to /usr/share/man/id/man8/halt.8.dist by sysvinit-core'
Adding 'diversion of /usr/share/man/id/man8/poweroff.8.gz to /usr/share/man/id/man8/poweroff.8.dist by sysvinit-core'
Adding 'diversion of /usr/share/man/id/man8/reboot.8.gz to /usr/share/man/id/man8/reboot.8.dist by sysvinit-core'
Adding 'diversion of /usr/share/man/id/man8/runlevel.8.gz to /usr/share/man/id/man8/runlevel.8.dist by sysvinit-core'
Adding 'diversion of /usr/share/man/id/man8/shutdown.8.gz to /usr/share/man/id/man8/shutdown.8.dist by sysvinit-core'
Adding 'diversion of /usr/share/man/id/man8/telinit.8.gz to /usr/share/man/id/man8/telinit.8.dist by sysvinit-core'
Adding 'diversion of /usr/share/man/pl/man8/init.8.gz to /usr/share/man/pl/man8/init.8.dist by sysvinit-core'
Adding 'diversion of /usr/share/man/pl/man8/halt.8.gz to /usr/share/man/pl/man8/halt.8.dist by sysvinit-core'
Adding 'diversion of /usr/share/man/pl/man8/poweroff.8.gz to /usr/share/man/pl/man8/poweroff.8.dist by sysvinit-core'
Adding 'diversion of /usr/share/man/pl/man8/reboot.8.gz to /usr/share/man/pl/man8/reboot.8.dist by sysvinit-core'
Adding 'diversion of /usr/share/man/pl/man8/runlevel.8.gz to /usr/share/man/pl/man8/runlevel.8.dist by sysvinit-core'
Adding 'diversion of /usr/share/man/pl/man8/shutdown.8.gz to /usr/share/man/pl/man8/shutdown.8.dist by sysvinit-core'
Adding 'diversion of /usr/share/man/pl/man8/telinit.8.gz to /usr/share/man/pl/man8/telinit.8.dist by sysvinit-core'
Unpacking sysvinit-core (3.06-4) ...
Selecting previously unselected package insserv.
Preparing to unpack .../insserv_1.24.0-1_amd64.deb ...
Unpacking insserv (1.24.0-1) ...
Selecting previously unselected package startpar.
Preparing to unpack .../startpar_0.65-1+b1_amd64.deb ...
Unpacking startpar (0.65-1+b1) ...
Selecting previously unselected package sysv-rc.
Preparing to unpack .../sysv-rc_3.06-4_all.deb ...
Unpacking sysv-rc (3.06-4) ...
Selecting previously unselected package initscripts.
Preparing to unpack .../initscripts_3.06-4_all.deb ...
Unpacking initscripts (3.06-4) ...
dpkg: live-config-systemd: dependency problems, but removing anyway as you requested:
 live-config depends on live-config-systemd | live-config-backend; however:
  Package live-config-systemd is to be removed.
  Package live-config-backend is not installed.
  Package live-config-systemd which provides live-config-backend is to be removed.
 live-config depends on live-config-systemd | live-config-backend; however:
  Package live-config-systemd is to be removed.
  Package live-config-backend is not installed.
  Package live-config-systemd which provides live-config-backend is to be removed.

(Reading database ... (Reading database ... 5%(Reading database ... 10%(Reading database ... 15%(Reading database ... 20%(Reading database ... 25%(Reading database ... 30%(Reading database ... 35%(Reading database ... 40%(Reading database ... 45%(Reading database ... 50%(Reading database ... 55%(Reading database ... 60%(Reading database ... 65%(Reading database ... 70%(Reading database ... 75%(Reading database ... 80%(Reading database ... 85%(Reading database ... 90%(Reading database ... 95%(Reading database ... 100%(Reading database ... 31673 files and directories currently installed.)
Removing live-config-systemd (11.0.3+nmu1) ...
Selecting previously unselected package live-config-sysvinit.
(Reading database ... (Reading database ... 5%(Reading database ... 10%(Reading database ... 15%(Reading database ... 20%(Reading database ... 25%(Reading database ... 30%(Reading database ... 35%(Reading database ... 40%(Reading database ... 45%(Reading database ... 50%(Reading database ... 55%(Reading database ... 60%(Reading database ... 65%(Reading database ... 70%(Reading database ... 75%(Reading database ... 80%(Reading database ... 85%(Reading database ... 90%(Reading database ... 95%(Reading database ... 100%(Reading database ... 31667 files and directories currently installed.)
Preparing to unpack .../live-config-sysvinit_11.0.3+nmu1_all.deb ...
Unpacking live-config-sysvinit (11.0.3+nmu1) ...
Setting up startpar (0.65-1+b1) ...
Setting up insserv (1.24.0-1) ...
insserv: FATAL: service mountkernfs has to exist for service udev
insserv: FATAL: service urandom has to exist for service networking
insserv: exiting now!
Setting up sysv-rc (3.06-4) ...
Setting up initscripts (3.06-4) ...
invoke-rc.d: could not determine current runlevel
All runlevel operations denied by policy
invoke-rc.d: policy-rc.d denied execution of start.
Setting up sysvinit-core (3.06-4) ...
Not restarting sysvinit
Setting up live-config-sysvinit (11.0.3+nmu1) ...
update-rc.d: warning: start and stop actions are no longer supported; falling back to defaults
Processing triggers for dbus (1.14.10-1~deb12u1) ...
Processing triggers for sgml-base (1.31) ...
[2026-08-06 05:29:54] lb_chroot_includes 
P: Begin copying chroot includes...
P: Creating a tarball with files from includes.chroot...
P: Extracting the tarball in the chroot...
./
./etc/
./etc/systemd/
./etc/systemd/system/
./etc/systemd/system/getty@tty1.service.d/
./etc/systemd/system/getty@tty1.service.d/autologin.conf
./etc/skel/
./etc/skel/Desktop/
./etc/skel/Desktop/Chrome.desktop
./etc/skel/Desktop/File Manager.desktop
./etc/skel/.bash_profile
./etc/skel/.xinitrc
./etc/xdg/
./etc/xdg/openbox/
./etc/xdg/openbox/menu.xml
./etc/xdg/openbox/rc.xml
./etc/xdg/openbox/autostart
./etc/xdg/pcmanfm/
./etc/xdg/pcmanfm/hydro-desk/
./etc/xdg/pcmanfm/hydro-desk/desktop-items-0.conf
[2026-08-06 05:29:54] lb_chroot_hooks 
P: Begin executing hooks...
[2026-08-06 05:29:54] lb_chroot_hacks 
P: Begin executing hacks...
update-initramfs: Generating /boot/initrd.img-6.1.0-52-amd64
W: No zstd in /usr/bin:/sbin:/bin, using gzip
live-boot: core filesystems dm-verity devices utils udev blockdev dns.
[2026-08-06 05:30:20] lb_chroot_interactive 
[2026-08-06 05:30:20] lb_chroot_archives chroot remove
P: Deconfiguring file /etc/apt/sources.list
[2026-08-06 05:30:20] lb_chroot_apt remove
P: Deconfiguring file /etc/apt/apt.conf
[2026-08-06 05:30:20] lb_chroot_hostname remove
P: Deconfiguring file /etc/hostname
P: Deconfiguring file /bin/hostname
[2026-08-06 05:30:20] lb_chroot_resolv remove
P: Deconfiguring file /etc/resolv.conf
[2026-08-06 05:30:20] lb_chroot_hosts remove
P: Deconfiguring file /etc/hosts
[2026-08-06 05:30:20] lb_chroot_sysv-rc remove
P: Deconfiguring file /usr/sbin/policy-rc.d
[2026-08-06 05:30:20] lb_chroot_upstart remove
P: Deconfiguring file /sbin/initctl
[2026-08-06 05:30:20] lb_chroot_tmpfs remove
[2026-08-06 05:30:21] lb_chroot_dpkg remove
P: Deconfiguring file /sbin/start-stop-daemon
[2026-08-06 05:30:21] lb_chroot_debianchroot remove
P: Deconfiguring file /etc/debian_chroot
[2026-08-06 05:30:21] lb_chroot_sysfs remove
[2026-08-06 05:30:21] lb_testroot 
P: Begin unmounting /sys...
[2026-08-06 05:30:21] lb_chroot_selinuxfs remove
[2026-08-06 05:30:21] lb_testroot 
P: Begin unmounting /selinux...
[2026-08-06 05:30:21] lb_chroot_proc remove
[2026-08-06 05:30:21] lb_testroot 
P: Begin unmounting /proc...
[2026-08-06 05:30:21] lb_chroot_devpts remove
[2026-08-06 05:30:21] lb_testroot 
P: Begin unmounting /dev/pts...
[2026-08-06 05:30:21] lb_chroot_cache save
P: Begin unmounting filesystems...
P: Saving caches...
Reading package lists...
Building dependency tree...
Reading state information...
[2026-08-06 05:30:21] lb_binary 
P: Setting up cleanup function
[2026-08-06 05:30:21] lb_binary_chroot 
P: Begin copying chroot...
P: This may take a while.
[2026-08-06 05:30:22] lb_chroot_devpts install
[2026-08-06 05:30:22] lb_testroot 
P: Begin mounting /dev/pts...
[2026-08-06 05:30:22] lb_chroot_proc install
[2026-08-06 05:30:22] lb_testroot 
P: Begin mounting /proc...
[2026-08-06 05:30:22] lb_chroot_selinuxfs install
[2026-08-06 05:30:22] lb_testroot 
[2026-08-06 05:30:22] lb_chroot_sysfs install
[2026-08-06 05:30:22] lb_testroot 
P: Begin mounting /sys...
[2026-08-06 05:30:22] lb_chroot_hosts install
P: Configuring file /etc/hosts
[2026-08-06 05:30:22] lb_chroot_resolv install
P: Configuring file /etc/resolv.conf
[2026-08-06 05:30:22] lb_chroot_hostname install
P: Configuring file /etc/hostname
P: Configuring file /bin/hostname
[2026-08-06 05:30:22] lb_chroot_sysv-rc install
P: Configuring file /usr/sbin/policy-rc.d
[2026-08-06 05:30:22] lb_chroot_upstart install
P: Configuring file /sbin/initctl
[2026-08-06 05:30:22] lb_chroot_apt install-binary
P: Configuring file /etc/apt/apt.conf
[2026-08-06 05:30:22] lb_chroot_archives chroot install
P: Configuring file /etc/apt/sources.list
P: Clean up /etc/apt/preferences.d/* now that we have persisted the existing files for later restoration ...
Hit:1 http://deb.debian.org/debian bookworm InRelease
Get:2 http://deb.debian.org/debian bookworm-updates InRelease [55.4 kB]
Get:3 http://security.debian.org/debian-security bookworm-security InRelease [34.8 kB]
Get:4 http://deb.debian.org/debian bookworm/non-free Sources [78.0 kB]
Get:5 http://deb.debian.org/debian bookworm/contrib Sources [51.1 kB]
Get:6 http://deb.debian.org/debian bookworm/non-free-firmware Sources [7152 B]
Get:7 http://deb.debian.org/debian bookworm/main Sources [9492 kB]
Get:8 http://security.debian.org/debian-security bookworm-security/main amd64 Packages [325 kB]
Get:9 http://deb.debian.org/debian bookworm/main Translation-en [6107 kB]
Get:10 http://security.debian.org/debian-security bookworm-security/main Translation-en [201 kB]
Get:11 http://security.debian.org/debian-security bookworm-security/contrib amd64 Packages [896 B]
Get:12 http://security.debian.org/debian-security bookworm-security/contrib Translation-en [652 B]
Get:13 http://security.debian.org/debian-security bookworm-security/non-free-firmware amd64 Packages [688 B]
Get:14 http://security.debian.org/debian-security bookworm-security/non-free-firmware Translation-en [472 B]
Get:15 http://deb.debian.org/debian bookworm/contrib Translation-en [48.4 kB]
Get:16 http://deb.debian.org/debian bookworm/non-free Translation-en [68.2 kB]
Get:17 http://deb.debian.org/debian bookworm/non-free-firmware Translation-en [20.9 kB]
Get:18 http://deb.debian.org/debian bookworm-updates/main Sources [3288 B]
Get:19 http://deb.debian.org/debian bookworm-updates/main amd64 Packages [6924 B]
Get:20 http://deb.debian.org/debian bookworm-updates/main Translation-en [5448 B]
Fetched 16.5 MB in 2s (9933 kB/s)
Reading package lists...
Reading package lists...
Building dependency tree...
debian-archive-keyring is already the newest version (2023.3+deb12u2).
0 upgraded, 0 newly installed, 0 to remove and 0 not upgraded.
Hit:1 http://deb.debian.org/debian bookworm InRelease
Hit:2 http://security.debian.org/debian-security bookworm-security InRelease
Hit:3 http://deb.debian.org/debian bookworm-updates InRelease
Reading package lists...
Reading package lists...
Building dependency tree...
Calculating upgrade...
0 upgraded, 0 newly installed, 0 to remove and 0 not upgraded.
W: --force-yes is deprecated, use one of the options starting with --allow instead.
Reading package lists...
Building dependency tree...
Calculating upgrade...
0 upgraded, 0 newly installed, 0 to remove and 0 not upgraded.
W: --force-yes is deprecated, use one of the options starting with --allow instead.
Reading package lists...
Building dependency tree...
[2026-08-06 05:30:27] lb_binary_rootfs 
P: Begin building root filesystem image...
Reading package lists...
Building dependency tree...
The following additional packages will be installed:
  liblzo2-2
The following NEW packages will be installed:
  liblzo2-2 squashfs-tools
0 upgraded, 2 newly installed, 0 to remove and 0 not upgraded.
Need to get 240 kB of archives.
After this operation, 645 kB of additional disk space will be used.
Get:1 http://deb.debian.org/debian bookworm/main amd64 liblzo2-2 amd64 2.10-2 [56.9 kB]
Get:2 http://deb.debian.org/debian bookworm/main amd64 squashfs-tools amd64 1:4.5.1-1 [183 kB]
Fetched 240 kB in 0s (3246 kB/s)
Selecting previously unselected package liblzo2-2:amd64.
(Reading database ... (Reading database ... 5%(Reading database ... 10%(Reading database ... 15%(Reading database ... 20%(Reading database ... 25%(Reading database ... 30%(Reading database ... 35%(Reading database ... 40%(Reading database ... 45%(Reading database ... 50%(Reading database ... 55%(Reading database ... 60%(Reading database ... 65%(Reading database ... 70%(Reading database ... 75%(Reading database ... 80%(Reading database ... 85%(Reading database ... 90%(Reading database ... 95%(Reading database ... 100%(Reading database ... 8748 files and directories currently installed.)
Preparing to unpack .../liblzo2-2_2.10-2_amd64.deb ...
Unpacking liblzo2-2:amd64 (2.10-2) ...
Selecting previously unselected package squashfs-tools.
Preparing to unpack .../squashfs-tools_1%3a4.5.1-1_amd64.deb ...
Unpacking squashfs-tools (1:4.5.1-1) ...
Setting up liblzo2-2:amd64 (2.10-2) ...
Setting up squashfs-tools (1:4.5.1-1) ...
Processing triggers for libc-bin (2.36-9+deb12u14) ...
P: Preparing squashfs image...
P: This may take a while.
Unrecognised xattr prefix system.posix_acl_access
Unrecognised xattr prefix system.posix_acl_default
Parallel mksquashfs: Using 4 processors
Creating 4.0 filesystem on filesystem.squashfs, block size 131072.

Exportable Squashfs 4.0 filesystem, xz compressed, data block size 131072
	compressed data, compressed metadata, compressed fragments,
	compressed xattrs, compressed ids
	duplicates are removed
Filesystem size 517559.70 Kbytes (505.43 Mbytes)
	30.52% of uncompressed filesystem size (1695670.79 Kbytes)
Inode table size 305858 bytes (298.69 Kbytes)
	24.83% of uncompressed inode table size (1231636 bytes)
Directory table size 319234 bytes (311.75 Kbytes)
	34.71% of uncompressed directory table size (919814 bytes)
Xattr table size 40 bytes (0.04 Kbytes)
	100.00% of uncompressed xattr table size (40 bytes)
Number of duplicate files found 1865
Number of inodes 35595
Number of files 29586
Number of fragments 3454
Number of symbolic links 2443
Number of device nodes 8
Number of fifo nodes 0
Number of socket nodes 0
Number of directories 3558
Number of hard-links 14
Number of ids (unique uids + gids) 12
Number of uids 5
	root (0)
	_apt (42)
	unknown (100)
	systemd-network (998)
	unknown (997)
Number of gids 10
	root (0)
	shadow (42)
	systemd-network (998)
	crontab (101)
	unknown (107)
	staff (50)
	utmp (43)
	adm (4)
	systemd-journal (999)
	mail (8)
[2026-08-06 05:32:36] lb_chroot_archives binary remove
P: Deconfiguring file /etc/apt/sources.list
[2026-08-06 05:32:36] lb_chroot_apt remove
P: Deconfiguring file /etc/apt/apt.conf
[2026-08-06 05:32:36] lb_chroot_hostname remove
P: Deconfiguring file /etc/hostname
P: Deconfiguring file /bin/hostname
[2026-08-06 05:32:36] lb_chroot_resolv remove
P: Deconfiguring file /etc/resolv.conf
[2026-08-06 05:32:36] lb_chroot_hosts remove
P: Deconfiguring file /etc/hosts
[2026-08-06 05:32:36] lb_chroot_sysv-rc remove
P: Deconfiguring file /usr/sbin/policy-rc.d
[2026-08-06 05:32:36] lb_chroot_upstart remove
P: Deconfiguring file /sbin/initctl
[2026-08-06 05:32:36] lb_chroot_dpkg remove
P: Deconfiguring file /sbin/start-stop-daemon
[2026-08-06 05:32:36] lb_chroot_debianchroot remove
P: Deconfiguring file /etc/debian_chroot
[2026-08-06 05:32:36] lb_chroot_sysfs remove
[2026-08-06 05:32:36] lb_testroot 
P: Begin unmounting /sys...
[2026-08-06 05:32:36] lb_chroot_selinuxfs remove
[2026-08-06 05:32:36] lb_testroot 
P: Begin unmounting /selinux...
[2026-08-06 05:32:37] lb_chroot_proc remove
[2026-08-06 05:32:37] lb_testroot 
P: Begin unmounting /proc...
[2026-08-06 05:32:37] lb_chroot_devpts remove
[2026-08-06 05:32:37] lb_testroot 
P: Begin unmounting /dev/pts...
[2026-08-06 05:32:37] lb_chroot_devpts install
[2026-08-06 05:32:37] lb_testroot 
P: Begin mounting /dev/pts...
[2026-08-06 05:32:37] lb_chroot_proc install
[2026-08-06 05:32:37] lb_testroot 
P: Begin mounting /proc...
[2026-08-06 05:32:37] lb_chroot_selinuxfs install
[2026-08-06 05:32:37] lb_testroot 
[2026-08-06 05:32:37] lb_chroot_sysfs install
[2026-08-06 05:32:37] lb_testroot 
P: Begin mounting /sys...
[2026-08-06 05:32:37] lb_chroot_debianchroot install
P: Configuring file /etc/debian_chroot
[2026-08-06 05:32:37] lb_chroot_dpkg install
P: Configuring file /sbin/start-stop-daemon
[2026-08-06 05:32:37] lb_chroot_sysv-rc install
P: Configuring file /usr/sbin/policy-rc.d
[2026-08-06 05:32:38] lb_chroot_upstart install
P: Configuring file /sbin/initctl
[2026-08-06 05:32:38] lb_chroot_hosts install
P: Configuring file /etc/hosts
[2026-08-06 05:32:38] lb_chroot_resolv install
P: Configuring file /etc/resolv.conf
[2026-08-06 05:32:38] lb_chroot_hostname install
P: Configuring file /etc/hostname
P: Configuring file /bin/hostname
[2026-08-06 05:32:38] lb_chroot_apt install
P: Configuring file /etc/apt/apt.conf
[2026-08-06 05:32:38] lb_chroot_archives binary install
P: Configuring file /etc/apt/sources.list
P: Clean up /etc/apt/preferences.d/* now that we have persisted the existing files for later restoration ...
Hit:1 http://deb.debian.org/debian bookworm InRelease
Hit:2 http://deb.debian.org/debian bookworm-updates InRelease
Hit:3 http://security.debian.org/debian-security bookworm-security InRelease
Reading package lists...
Reading package lists...
Building dependency tree...
Reading state information...
debian-archive-keyring is already the newest version (2023.3+deb12u2).
The following packages were automatically installed and are no longer required:
  libbluetooth3 libduktape207 libmm-glib0 libndp0 libnm0 libteamdctl0
  sgml-base xml-core
Use 'apt autoremove' to remove them.
0 upgraded, 0 newly installed, 0 to remove and 0 not upgraded.
Hit:1 http://deb.debian.org/debian bookworm InRelease
Hit:2 http://deb.debian.org/debian bookworm-updates InRelease
Hit:3 http://security.debian.org/debian-security bookworm-security InRelease
Reading package lists...
Reading package lists...
Building dependency tree...
Reading state information...
Calculating upgrade...
The following packages were automatically installed and are no longer required:
  libbluetooth3 libduktape207 libmm-glib0 libndp0 libnm0 libteamdctl0
  sgml-base xml-core
Use 'apt autoremove' to remove them.
0 upgraded, 0 newly installed, 0 to remove and 0 not upgraded.
W: --force-yes is deprecated, use one of the options starting with --allow instead.
Reading package lists...
Building dependency tree...
Reading state information...
Calculating upgrade...
The following packages were automatically installed and are no longer required:
  libbluetooth3 libduktape207 libmm-glib0 libndp0 libnm0 libteamdctl0
  sgml-base xml-core
Use 'apt autoremove' to remove them.
0 upgraded, 0 newly installed, 0 to remove and 0 not upgraded.
W: --force-yes is deprecated, use one of the options starting with --allow instead.
Reading package lists...
Building dependency tree...
Reading state information...
Reading package lists...
Building dependency tree...
Reading state information...
[2026-08-06 05:32:41] lb_binary_manifest 
P: Begin creating manifest...
[2026-08-06 05:32:41] lb_binary_package-lists 
P: Begin installing local package lists...
[2026-08-06 05:32:41] lb_binary_linux-image 
P: Begin install linux-image...
[2026-08-06 05:32:42] lb_binary_debian-installer 
[2026-08-06 05:32:42] lb_binary_memtest 
[2026-08-06 05:32:42] lb_binary_grub 
P: Begin installing grub...
Reading package lists...
Building dependency tree...
Reading state information...
The following packages were automatically installed and are no longer required:
  libbluetooth3 libduktape207 libmm-glib0 libndp0 libnm0 libteamdctl0
  sgml-base xml-core
Use 'apt autoremove' to remove them.
The following additional packages will be installed:
  gettext-base grub-common libc6-i386 libefiboot1 libefivar1 libfuse2
Suggested packages:
  multiboot-doc grub-emu mtools xorriso desktop-base console-setup
  grub-legacy-doc mdadm multiboot fuse
Recommended packages:
  os-prober
The following NEW packages will be installed:
  gettext-base grub-common grub-legacy libc6-i386 libefiboot1 libefivar1
  libfuse2
0 upgraded, 7 newly installed, 0 to remove and 0 not upgraded.
Need to get 5852 kB of archives.
After this operation, 32.5 MB of additional disk space will be used.
Get:1 http://deb.debian.org/debian bookworm/main amd64 gettext-base amd64 0.21-12 [160 kB]
Get:2 http://deb.debian.org/debian bookworm/main amd64 libefivar1 amd64 37-6 [50.0 kB]
Get:3 http://deb.debian.org/debian bookworm/main amd64 libefiboot1 amd64 37-6 [44.1 kB]
Get:4 http://deb.debian.org/debian bookworm/main amd64 libfuse2 amd64 2.9.9-6+b1 [119 kB]
Get:5 http://deb.debian.org/debian bookworm/main amd64 grub-common amd64 2.06-13+deb12u2 [2719 kB]
Get:6 http://deb.debian.org/debian bookworm/main amd64 libc6-i386 amd64 2.36-9+deb12u14 [2458 kB]
Get:7 http://deb.debian.org/debian bookworm/main amd64 grub-legacy amd64 0.97-80 [302 kB]
Fetched 5852 kB in 0s (58.2 MB/s)
Selecting previously unselected package gettext-base.
(Reading database ... (Reading database ... 5%(Reading database ... 10%(Reading database ... 15%(Reading database ... 20%(Reading database ... 25%(Reading database ... 30%(Reading database ... 35%(Reading database ... 40%(Reading database ... 45%(Reading database ... 50%(Reading database ... 55%(Reading database ... 60%(Reading database ... 65%(Reading database ... 70%(Reading database ... 75%(Reading database ... 80%(Reading database ... 85%(Reading database ... 90%(Reading database ... 95%(Reading database ... 100%(Reading database ... 31674 files and directories currently installed.)
Preparing to unpack .../0-gettext-base_0.21-12_amd64.deb ...
Unpacking gettext-base (0.21-12) ...
Selecting previously unselected package libefivar1:amd64.
Preparing to unpack .../1-libefivar1_37-6_amd64.deb ...
Unpacking libefivar1:amd64 (37-6) ...
Selecting previously unselected package libefiboot1:amd64.
Preparing to unpack .../2-libefiboot1_37-6_amd64.deb ...
Unpacking libefiboot1:amd64 (37-6) ...
Selecting previously unselected package libfuse2:amd64.
Preparing to unpack .../3-libfuse2_2.9.9-6+b1_amd64.deb ...
Unpacking libfuse2:amd64 (2.9.9-6+b1) ...
Selecting previously unselected package grub-common.
Preparing to unpack .../4-grub-common_2.06-13+deb12u2_amd64.deb ...
Unpacking grub-common (2.06-13+deb12u2) ...
Selecting previously unselected package libc6-i386.
Preparing to unpack .../5-libc6-i386_2.36-9+deb12u14_amd64.deb ...
Unpacking libc6-i386 (2.36-9+deb12u14) ...
Selecting previously unselected package grub-legacy.
Preparing to unpack .../6-grub-legacy_0.97-80_amd64.deb ...
Unpacking grub-legacy (0.97-80) ...
Setting up gettext-base (0.21-12) ...
Setting up libfuse2:amd64 (2.9.9-6+b1) ...
Setting up libc6-i386 (2.36-9+deb12u14) ...
Setting up libefivar1:amd64 (37-6) ...
Setting up libefiboot1:amd64 (37-6) ...
Setting up grub-common (2.06-13+deb12u2) ...
Setting up grub-legacy (0.97-80) ...
Processing triggers for libc-bin (2.36-9+deb12u14) ...
Reading package lists...
Building dependency tree...
Reading state information...
Reading package lists...
Building dependency tree...
Reading state information...
The following packages were automatically installed and are no longer required:
  gettext-base grub-common libbluetooth3 libc6-i386 libduktape207 libefiboot1
  libefivar1 libfuse2 libmm-glib0 libndp0 libnm0 libteamdctl0 sgml-base
  xml-core
Use 'apt autoremove' to remove them.
The following packages will be REMOVED:
  grub-legacy*
0 upgraded, 0 newly installed, 1 to remove and 0 not upgraded.
After this operation, 742 kB disk space will be freed.
(Reading database ... (Reading database ... 5%(Reading database ... 10%(Reading database ... 15%(Reading database ... 20%(Reading database ... 25%(Reading database ... 30%(Reading database ... 35%(Reading database ... 40%(Reading database ... 45%(Reading database ... 50%(Reading database ... 55%(Reading database ... 60%(Reading database ... 65%(Reading database ... 70%(Reading database ... 75%(Reading database ... 80%(Reading database ... 85%(Reading database ... 90%(Reading database ... 95%(Reading database ... 100%(Reading database ... 32255 files and directories currently installed.)
Removing grub-legacy (0.97-80) ...
(Reading database ... (Reading database ... 5%(Reading database ... 10%(Reading database ... 15%(Reading database ... 20%(Reading database ... 25%(Reading database ... 30%(Reading database ... 35%(Reading database ... 40%(Reading database ... 45%(Reading database ... 50%(Reading database ... 55%(Reading database ... 60%(Reading database ... 65%(Reading database ... 70%(Reading database ... 75%(Reading database ... 80%(Reading database ... 85%(Reading database ... 90%(Reading database ... 95%(Reading database ... 100%(Reading database ... 32210 files and directories currently installed.)
Purging configuration files for grub-legacy (0.97-80) ...
[2026-08-06 05:32:44] lb_binary_grub2 
[2026-08-06 05:32:44] lb_binary_syslinux 
[2026-08-06 05:32:44] lb_binary_yaboot 
[2026-08-06 05:32:44] lb_binary_silo 
[2026-08-06 05:32:45] lb_binary_disk 
P: Begin installing disk information...
[2026-08-06 05:32:45] lb_binary_win32-loader 
[2026-08-06 05:32:45] lb_binary_includes 
P: Begin copying binary includes...
[2026-08-06 05:32:45] lb_binary_hooks 
P: Begin executing hooks...
[2026-08-06 05:32:45] lb_binary_checksums 
P: Begin creating binary SHA256SUMS...
[2026-08-06 05:32:45] lb_binary_iso 
P: Begin building binary iso image...
Reading package lists...
Building dependency tree...
Reading state information...
The following packages were automatically installed and are no longer required:
  gettext-base grub-common libbluetooth3 libc6-i386 libduktape207 libefiboot1
  libefivar1 libfuse2 libmm-glib0 libndp0 libnm0 libteamdctl0 sgml-base
  xml-core
Use 'apt autoremove' to remove them.
The following additional packages will be installed:
  libmagic-mgc libmagic1 mtools
Suggested packages:
  wodim cdrkit-doc file floppyd dosfstools
Recommended packages:
  syslinux-common
The following NEW packages will be installed:
  genisoimage libmagic-mgc libmagic1 mtools syslinux
0 upgraded, 5 newly installed, 0 to remove and 0 not upgraded.
Need to get 1166 kB of archives.
After this operation, 11.0 MB of additional disk space will be used.
Get:1 http://deb.debian.org/debian bookworm/main amd64 libmagic-mgc amd64 1:5.44-3 [305 kB]
Get:2 http://deb.debian.org/debian bookworm/main amd64 libmagic1 amd64 1:5.44-3 [104 kB]
Get:3 http://deb.debian.org/debian bookworm/main amd64 genisoimage amd64 9:1.1.11-3.4 [352 kB]
Get:4 http://deb.debian.org/debian bookworm/main amd64 mtools amd64 4.0.33-1+really4.0.32-1 [202 kB]
Get:5 http://deb.debian.org/debian bookworm/main amd64 syslinux amd64 3:6.04~git20190206.bf6db5b4+dfsg1-3+b1 [203 kB]
Fetched 1166 kB in 0s (17.1 MB/s)
Selecting previously unselected package libmagic-mgc.
(Reading database ... (Reading database ... 5%(Reading database ... 10%(Reading database ... 15%(Reading database ... 20%(Reading database ... 25%(Reading database ... 30%(Reading database ... 35%(Reading database ... 40%(Reading database ... 45%(Reading database ... 50%(Reading database ... 55%(Reading database ... 60%(Reading database ... 65%(Reading database ... 70%(Reading database ... 75%(Reading database ... 80%(Reading database ... 85%(Reading database ... 90%(Reading database ... 95%(Reading database ... 100%(Reading database ... 32208 files and directories currently installed.)
Preparing to unpack .../libmagic-mgc_1%3a5.44-3_amd64.deb ...
Unpacking libmagic-mgc (1:5.44-3) ...
Selecting previously unselected package libmagic1:amd64.
Preparing to unpack .../libmagic1_1%3a5.44-3_amd64.deb ...
Unpacking libmagic1:amd64 (1:5.44-3) ...
Selecting previously unselected package genisoimage.
Preparing to unpack .../genisoimage_9%3a1.1.11-3.4_amd64.deb ...
Unpacking genisoimage (9:1.1.11-3.4) ...
Selecting previously unselected package mtools.
Preparing to unpack .../mtools_4.0.33-1+really4.0.32-1_amd64.deb ...
Unpacking mtools (4.0.33-1+really4.0.32-1) ...
Selecting previously unselected package syslinux.
Preparing to unpack .../syslinux_3%3a6.04~git20190206.bf6db5b4+dfsg1-3+b1_amd64.deb ...
Unpacking syslinux (3:6.04~git20190206.bf6db5b4+dfsg1-3+b1) ...
Setting up libmagic-mgc (1:5.44-3) ...
Setting up mtools (4.0.33-1+really4.0.32-1) ...
Setting up libmagic1:amd64 (1:5.44-3) ...
Setting up syslinux (3:6.04~git20190206.bf6db5b4+dfsg1-3+b1) ...
Setting up genisoimage (9:1.1.11-3.4) ...
Processing triggers for libc-bin (2.36-9+deb12u14) ...
Warning: creating filesystem that does not conform to ISO-9660.
Size of boot image is 4 sectors -> No emulation
  1.70% done, estimate finish Thu Aug  6 05:32:46 2026
  3.39% done, estimate finish Thu Aug  6 05:32:46 2026
  5.09% done, estimate finish Thu Aug  6 05:32:46 2026
  6.79% done, estimate finish Thu Aug  6 05:32:46 2026
  8.49% done, estimate finish Thu Aug  6 05:32:46 2026
 10.18% done, estimate finish Thu Aug  6 05:32:46 2026
 11.88% done, estimate finish Thu Aug  6 05:32:46 2026
 13.58% done, estimate finish Thu Aug  6 05:32:46 2026
 15.28% done, estimate finish Thu Aug  6 05:32:46 2026
 16.97% done, estimate finish Thu Aug  6 05:32:46 2026
 18.67% done, estimate finish Thu Aug  6 05:32:46 2026
 20.36% done, estimate finish Thu Aug  6 05:32:46 2026
 22.06% done, estimate finish Thu Aug  6 05:32:46 2026
 23.76% done, estimate finish Thu Aug  6 05:32:46 2026
 25.46% done, estimate finish Thu Aug  6 05:32:46 2026
 27.15% done, estimate finish Thu Aug  6 05:32:46 2026
 28.85% done, estimate finish Thu Aug  6 05:32:46 2026
 30.55% done, estimate finish Thu Aug  6 05:32:46 2026
 32.25% done, estimate finish Thu Aug  6 05:32:46 2026
 33.94% done, estimate finish Thu Aug  6 05:32:46 2026
 35.64% done, estimate finish Thu Aug  6 05:32:46 2026
 37.33% done, estimate finish Thu Aug  6 05:32:46 2026
 39.03% done, estimate finish Thu Aug  6 05:32:46 2026
 40.73% done, estimate finish Thu Aug  6 05:32:48 2026
 42.43% done, estimate finish Thu Aug  6 05:32:48 2026
 44.12% done, estimate finish Thu Aug  6 05:32:48 2026
 45.82% done, estimate finish Thu Aug  6 05:32:48 2026
 47.52% done, estimate finish Thu Aug  6 05:32:48 2026
 49.22% done, estimate finish Thu Aug  6 05:32:48 2026
 50.91% done, estimate finish Thu Aug  6 05:32:47 2026
 52.61% done, estimate finish Thu Aug  6 05:32:47 2026
 54.30% done, estimate finish Thu Aug  6 05:32:47 2026
 56.00% done, estimate finish Thu Aug  6 05:32:47 2026
 57.70% done, estimate finish Thu Aug  6 05:32:47 2026
 59.40% done, estimate finish Thu Aug  6 05:32:47 2026
 61.09% done, estimate finish Thu Aug  6 05:32:47 2026
 62.79% done, estimate finish Thu Aug  6 05:32:47 2026
 64.49% done, estimate finish Thu Aug  6 05:32:47 2026
 66.19% done, estimate finish Thu Aug  6 05:32:47 2026
 67.88% done, estimate finish Thu Aug  6 05:32:47 2026
 69.58% done, estimate finish Thu Aug  6 05:32:47 2026
 71.27% done, estimate finish Thu Aug  6 05:32:47 2026
 72.97% done, estimate finish Thu Aug  6 05:32:47 2026
 74.67% done, estimate finish Thu Aug  6 05:32:47 2026
 76.37% done, estimate finish Thu Aug  6 05:32:47 2026
 78.06% done, estimate finish Thu Aug  6 05:32:47 2026
 79.76% done, estimate finish Thu Aug  6 05:32:47 2026
 81.46% done, estimate finish Thu Aug  6 05:32:47 2026
 83.16% done, estimate finish Thu Aug  6 05:32:47 2026
 84.85% done, estimate finish Thu Aug  6 05:32:47 2026
 86.55% done, estimate finish Thu Aug  6 05:32:47 2026
 88.25% done, estimate finish Thu Aug  6 05:32:47 2026
 89.94% done, estimate finish Thu Aug  6 05:32:47 2026
 91.64% done, estimate finish Thu Aug  6 05:32:47 2026
 93.34% done, estimate finish Thu Aug  6 05:32:47 2026
 95.04% done, estimate finish Thu Aug  6 05:32:47 2026
 96.73% done, estimate finish Thu Aug  6 05:32:47 2026
 98.43% done, estimate finish Thu Aug  6 05:32:47 2026
Total translation table size: 2048
Total rockridge attributes bytes: 2060
Total directory bytes: 8192
Path table size(bytes): 60
Max brk space used 0
294641 extents written (575 MB)
binary.sh: 5: /usr/bin/isohybrid: not found
P: Begin unmounting filesystems...
P: Saving caches...
Reading package lists...
Building dependency tree...
Reading state information...
lb build exit code: 127
